pair_id,a,b
P001,M025,M029
P002,M014,M017
P003,M015,M030
P004,M002,M010
P005,M007,M028
P006,M004,M024
P007,M008,M019
P008,M001,M027
P009,M009,M020
P010,M011,M016
P011,M003,M021
P012,M023,M026
P013,M012,M013
P014,M005,M018
P015,M006,M022
P016,M019,M022
P017,M001,M018
P018,M006,M024
P019,M012,M021
P020,M017,M030
P021,M007,M008
P022,M004,M013
P023,M010,M016
P024,M009,M026
P025,M014,M015
P026,M020,M027
P027,M002,M023
P028,M003,M011
P029,M005,M025
P030,M028,M029
P031,M017,M024
P032,M021,M028
P033,M004,M010
P034,M003,M014
P035,M020,M030
P036,M011,M015
P037,M006,M026
P038,M008,M025
P039,M007,M027
P040,M018,M019
P041,M002,M029
P042,M013,M023
P043,M005,M009
P044,M001,M022
P045,M012,M016
P046,M007,M030
P047,M010,M027
P048,M003,M016
P049,M012,M029
P050,M001,M028
P051,M009,M018
P052,M022,M024
P053,M005,M023
P054,M014,M019
P055,M017,M026
P056,M020,M021
P057,M015,M025
P058,M008,M011
P059,M006,M013
P060,M002,M004
P061,M007,M026
P062,M005,M010
P063,M021,M025
P064,M024,M030
P065,M020,M023
P066,M008,M014
P067,M003,M006
P068,M011,M028
P069,M016,M027
P070,M001,M009
P071,M013,M015
P072,M018,M022
P073,M017,M029
P074,M002,M019
P075,M004,M012
P076,M007,M009
P077,M003,M010
P078,M022,M027
P079,M016,M019
P080,M005,M029
P081,M013,M028
P082,M012,M023
P083,M004,M020
P084,M018,M024
P085,M025,M030
P086,M008,M021
P087,M001,M026
P088,M002,M006
P089,M011,M014
P090,M015,M017
