method,seed,alpha,beta,hypothesis,M,P,G,evals,found_cfg_optimum,f_search,f_percentile,N_search,U_search,N_out,N_out_tfidf,U_out,FS_future,Delta,Delta_pct_matched
GA,1,0.6,0.4,Multi-Agent System for Efficiency to solve Energy Consumption,Multi-Agent System,Energy Consumption,Efficiency,200,False,0.5433982610702515,96.25925925925925,0.5741788744926453,0.497227281332016,0.5369157195091248,0.7397123728774476,0.5170741677284241,0.43519771099090576,-0.027886569499969482,10.638297872340425
GA,2,0.6,0.4,Contrastive Learning for Creativity to solve Privacy Leakage,Contrastive Learning,Privacy Leakage,Creativity,200,False,0.5446534752845764,96.62962962962963,0.5363835692405701,0.5570582747459412,0.5034811496734619,0.7708818495198111,0.579593300819397,0.4762347340583801,-0.02028411626815796,16.91542288557214
GA,3,0.6,0.4,Diffusion Model for Safety to solve Hallucination,Diffusion Model,Hallucination,Safety,200,False,0.5668032169342041,99.77777777777777,0.6319001913070679,0.4691576659679413,0.43907469511032104,0.7910295136641486,0.5488975644111633,0.3685431480407715,-0.19238215684890747,0.0
GA,4,0.6,0.4,Contrastive Learning for Personalization to solve Reward Hacking,Contrastive Learning,Reward Hacking,Personalization,200,False,0.553815484046936,98.74074074074073,0.5628741383552551,0.540227472782135,0.5367357134819031,0.7761281562054598,0.5235390067100525,0.5431028604507446,0.0798385739326477,73.75886524822694
GA,5,0.6,0.4,Evolutionary Strategy for Safety to solve Hallucination,Evolutionary Strategy,Hallucination,Safety,200,False,0.5759415626525879,99.8888888888889,0.635863184928894,0.4860590994358063,0.5115106105804443,0.7882916130887423,0.5461012721061707,0.36363887786865234,-0.12485051155090332,1.06951871657754
GA,6,0.6,0.4,Multi-Agent System for Fairness to solve Hallucination,Multi-Agent System,Hallucination,Fairness,200,False,0.565657377243042,99.74074074074075,0.5790643692016602,0.5455467700958252,0.5301631093025208,0.800791232764817,0.550689160823822,0.4165796637535095,-0.05325722694396973,5.590062111801243
GA,7,0.6,0.4,Diffusion Model for Sustainability to solve Miscalibrated Uncertainty,Diffusion Model,Miscalibrated Uncertainty,Sustainability,200,False,0.5718929171562195,99.85185185185185,0.7109459042549133,0.3633134365081787,0.5681947469711304,0.812718100450578,0.4555056095123291,0.4264068603515625,-0.005398392677307129,11.76470588235294
GA,8,0.6,0.4,Multi-Agent System for Fairness to solve Hallucination,Multi-Agent System,Hallucination,Fairness,200,False,0.565657377243042,99.74074074074075,0.5790643692016602,0.5455467700958252,0.5301631093025208,0.800791232764817,0.550689160823822,0.4165796637535095,-0.05325722694396973,5.590062111801243
GA,9,0.6,0.4,Diffusion Model for Sustainability to solve Hallucination,Diffusion Model,Hallucination,Sustainability,200,False,0.5638846158981323,99.66666666666667,0.657512366771698,0.42344292998313904,0.4592425227165222,0.7880353035451416,0.5507404208183289,0.35950446128845215,-0.18125301599502563,0.0
GA,10,0.6,0.4,Diffusion Model for Sustainability to solve Miscalibrated Uncertainty,Diffusion Model,Miscalibrated Uncertainty,Sustainability,200,False,0.5718929171562195,99.85185185185185,0.7109459042549133,0.3633134365081787,0.5681947469711304,0.812718100450578,0.4555056095123291,0.4264068603515625,-0.005398392677307129,11.76470588235294
GA,11,0.6,0.4,Diffusion Model for Sustainability to solve Distribution Shift,Diffusion Model,Distribution Shift,Sustainability,200,False,0.5782069563865662,99.92592592592592,0.7241466045379639,0.35929742455482483,0.5274210572242737,0.8019322172774209,0.44091224670410156,0.3521884083747864,-0.12039053440093994,0.0
GA,12,0.6,0.4,Contrastive Learning for Efficiency to solve Reward Hacking,Contrastive Learning,Reward Hacking,Efficiency,200,False,0.5527669787406921,98.33333333333333,0.5328887104988098,0.5825843811035156,0.5333543419837952,0.7608269293282643,0.5293161273002625,0.5964802503585815,0.1298345923423767,85.06493506493507
GA,13,0.6,0.4,Diffusion Model for Safety to solve Hallucination,Diffusion Model,Hallucination,Safety,200,False,0.5668032169342041,99.77777777777777,0.6319001913070679,0.4691576659679413,0.43907469511032104,0.7910295136641486,0.5488975644111633,0.3685431480407715,-0.19238215684890747,0.0
GA,14,0.6,0.4,Diffusion Model for Sustainability to solve Distribution Shift,Diffusion Model,Distribution Shift,Sustainability,200,False,0.5782069563865662,99.92592592592592,0.7241466045379639,0.35929742455482483,0.5274210572242737,0.8019322172774209,0.44091224670410156,0.3521884083747864,-0.12039053440093994,0.0
GA,15,0.6,0.4,Contrastive Learning for Trustworthiness to solve Energy Consumption,Contrastive Learning,Energy Consumption,Trustworthiness,200,False,0.5597674250602722,99.29629629629629,0.6015137434005737,0.49714788794517517,0.5373438000679016,0.7536403610969007,0.5471289753913879,0.4705727696418762,0.007916569709777832,27.142857142857142
GA,16,0.6,0.4,Reinforcement Learning for Trustworthiness to solve Hallucination,Reinforcement Learning,Hallucination,Trustworthiness,200,False,0.5623862743377686,99.48148148148148,0.5668929219245911,0.5556263327598572,0.49730902910232544,0.7971362636203345,0.595526933670044,0.466234028339386,-0.036456942558288574,11.428571428571429
GA,17,0.6,0.4,Contrastive Learning for Personalization to solve Reward Hacking,Contrastive Learning,Reward Hacking,Personalization,200,False,0.553815484046936,98.74074074074073,0.5628741383552551,0.540227472782135,0.5367357134819031,0.7761281562054598,0.5235390067100525,0.5431028604507446,0.0798385739326477,73.75886524822694
GA,18,0.6,0.4,Diffusion Model for Generalization to solve Lack of Novelty,Diffusion Model,Lack of Novelty,Generalization,200,False,0.5638620257377625,99.62962962962963,0.6073680520057678,0.498602956533432,0.4612264037132263,0.831105749796407,0.5448585152626038,0.4031500220298767,-0.13562357425689697,1.023890784982935
GA,19,0.6,0.4,Transformer for Safety to solve Privacy Leakage,Transformer,Privacy Leakage,Safety,200,False,0.5527992248535156,98.37037037037038,0.5716076493263245,0.5245864987373352,0.5832295417785645,0.769683771424609,0.46627530455589294,0.44490891695022583,0.028138458728790283,31.818181818181817
GA,20,0.6,0.4,Diffusion Model for Sustainability to solve Hallucination,Diffusion Model,Hallucination,Sustainability,200,False,0.5638846158981323,99.66666666666667,0.657512366771698,0.42344292998313904,0.4592425227165222,0.7880353035451416,0.5507404208183289,0.35950446128845215,-0.18125301599502563,0.0
GA,21,0.6,0.4,Multi-Agent System for Fairness to solve Hallucination,Multi-Agent System,Hallucination,Fairness,200,False,0.565657377243042,99.74074074074075,0.5790643692016602,0.5455467700958252,0.5301631093025208,0.800791232764817,0.550689160823822,0.4165796637535095,-0.05325722694396973,5.590062111801243
GA,22,0.6,0.4,Transformer for Safety to solve Privacy Leakage,Transformer,Privacy Leakage,Safety,200,False,0.5527992248535156,98.37037037037038,0.5716076493263245,0.5245864987373352,0.5832295417785645,0.769683771424609,0.46627530455589294,0.44490891695022583,0.028138458728790283,31.818181818181817
GA,23,0.6,0.4,Evolutionary Strategy for Safety to solve Hallucination,Evolutionary Strategy,Hallucination,Safety,200,False,0.5759415626525879,99.8888888888889,0.635863184928894,0.4860590994358063,0.5115106105804443,0.7882916130887423,0.5461012721061707,0.36363887786865234,-0.12485051155090332,1.06951871657754
GA,24,0.6,0.4,Diffusion Model for Safety to solve Distribution Shift,Diffusion Model,Distribution Shift,Safety,200,False,0.5642929673194885,99.70370370370371,0.6516523957252502,0.43325376510620117,0.48490309715270996,0.7950635834319848,0.48777303099632263,0.599254846572876,0.08415794372558594,83.51648351648352
GA,25,0.6,0.4,Reinforcement Learning for Trustworthiness to solve Long-Context Reasoning,Reinforcement Learning,Long-Context Reasoning,Trustworthiness,200,False,0.5446038246154785,96.5925925925926,0.5161552429199219,0.5872766971588135,0.5177038908004761,0.8231192600483455,0.5741128325462341,0.5133026838302612,0.031006574630737305,51.66666666666667
GA,26,0.6,0.4,Evolutionary Strategy for Safety to solve Hallucination,Evolutionary Strategy,Hallucination,Safety,200,False,0.5759415626525879,99.8888888888889,0.635863184928894,0.4860590994358063,0.5115106105804443,0.7882916130887423,0.5461012721061707,0.36363887786865234,-0.12485051155090332,1.06951871657754
GA,27,0.6,0.4,Diffusion Model for Autonomy to solve Distribution Shift,Diffusion Model,Distribution Shift,Autonomy,200,True,0.5857058167457581,99.96296296296296,0.6257466077804565,0.5256446003913879,0.5267176628112793,0.7714780588559823,0.4874227046966553,0.5015791058540344,0.02829676866531372,49.68944099378882
GA,28,0.6,0.4,Multi-Agent System for Fairness to solve Catastrophic Forgetting,Multi-Agent System,Catastrophic Forgetting,Fairness,200,False,0.5612874031066895,99.37037037037038,0.5029671788215637,0.6487677097320557,0.4477277398109436,0.7097541105803373,0.5956833958625793,0.5013979077339172,-0.05087435245513916,12.996389891696749
GA,29,0.6,0.4,Diffusion Model for Sustainability to solve Distribution Shift,Diffusion Model,Distribution Shift,Sustainability,200,False,0.5782069563865662,99.92592592592592,0.7241466045379639,0.35929742455482483,0.5274210572242737,0.8019322172774209,0.44091224670410156,0.3521884083747864,-0.12039053440093994,0.0
GA,30,0.6,0.4,Evolutionary Strategy for Autonomy to solve Label Noise,Evolutionary Strategy,Label Noise,Autonomy,200,False,0.5534265637397766,98.59259259259258,0.560351550579071,0.5430390238761902,0.5273921489715576,0.7776757795145446,0.5252323746681213,0.49072909355163574,0.01812124252319336,39.75155279503105
Random,1,0.6,0.4,Diffusion Model for Autonomy to solve Hallucination,Diffusion Model,Hallucination,Autonomy,200,False,0.563385546207428,99.51851851851852,0.5957489609718323,0.5148404240608215,0.4154188632965088,0.7670383777087864,0.5419190526008606,0.4526636004447937,-0.1319175362586975,1.8382352941176472
Random,2,0.6,0.4,Diffusion Model for Generalization to solve Lack of Novelty,Diffusion Model,Lack of Novelty,Generalization,200,False,0.5638620257377625,99.62962962962963,0.6073680520057678,0.498602956533432,0.4612264037132263,0.831105749796407,0.5448585152626038,0.4031500220298767,-0.13562357425689697,1.023890784982935
Random,3,0.6,0.4,Diffusion Model for Sustainability to solve Distribution Shift,Diffusion Model,Distribution Shift,Sustainability,200,False,0.5782069563865662,99.92592592592592,0.7241466045379639,0.35929742455482483,0.5274210572242737,0.8019322172774209,0.44091224670410156,0.3521884083747864,-0.12039053440093994,0.0
Random,4,0.6,0.4,Diffusion Model for Safety to solve Hallucination,Diffusion Model,Hallucination,Safety,200,False,0.5668032169342041,99.77777777777777,0.6319001913070679,0.4691576659679413,0.43907469511032104,0.7910295136641486,0.5488975644111633,0.3685431480407715,-0.19238215684890747,0.0
Random,5,0.6,0.4,Reinforcement Learning for Trustworthiness to solve Hallucination,Reinforcement Learning,Hallucination,Trustworthiness,200,False,0.5623862743377686,99.48148148148148,0.5668929219245911,0.5556263327598572,0.49730902910232544,0.7971362636203345,0.595526933670044,0.466234028339386,-0.036456942558288574,11.428571428571429
Random,6,0.6,0.4,Diffusion Model for Sustainability to solve High Latency,Diffusion Model,High Latency,Sustainability,200,False,0.5674578547477722,99.81481481481481,0.6884763240814209,0.38593003153800964,0.5142123699188232,0.7745185690537877,0.4400263726711273,0.3669487237930298,-0.11883890628814697,1.1363636363636365
Random,7,0.6,0.4,Diffusion Model for Sustainability to solve Distribution Shift,Diffusion Model,Distribution Shift,Sustainability,200,False,0.5782069563865662,99.92592592592592,0.7241466045379639,0.35929742455482483,0.5274210572242737,0.8019322172774209,0.44091224670410156,0.3521884083747864,-0.12039053440093994,0.0
Random,8,0.6,0.4,Diffusion Model for Sustainability to solve Distribution Shift,Diffusion Model,Distribution Shift,Sustainability,200,False,0.5782069563865662,99.92592592592592,0.7241466045379639,0.35929742455482483,0.5274210572242737,0.8019322172774209,0.44091224670410156,0.3521884083747864,-0.12039053440093994,0.0
Random,9,0.6,0.4,Diffusion Model for Explainability to solve Miscalibrated Uncertainty,Diffusion Model,Miscalibrated Uncertainty,Explainability,200,False,0.5540774464607239,98.88888888888889,0.6069877743721008,0.47471189498901367,0.5121574997901917,0.8111156466302342,0.49447008967399597,0.4719449281692505,-0.01589757204055786,19.45945945945946
Random,10,0.6,0.4,Diffusion Model for Sustainability to solve High Latency,Diffusion Model,High Latency,Sustainability,200,False,0.5674578547477722,99.81481481481481,0.6884763240814209,0.38593003153800964,0.5142123699188232,0.7745185690537877,0.4400263726711273,0.3669487237930298,-0.11883890628814697,1.1363636363636365
Random,11,0.6,0.4,Diffusion Model for Sustainability to solve Distribution Shift,Diffusion Model,Distribution Shift,Sustainability,200,False,0.5782069563865662,99.92592592592592,0.7241466045379639,0.35929742455482483,0.5274210572242737,0.8019322172774209,0.44091224670410156,0.3521884083747864,-0.12039053440093994,0.0
Random,12,0.6,0.4,Contrastive Learning for Sustainability to solve Miscalibrated Uncertainty,Contrastive Learning,Miscalibrated Uncertainty,Sustainability,200,False,0.5551637411117554,99.0,0.6384466886520386,0.4302392899990082,0.5988385677337646,0.8027339964538782,0.4751676321029663,0.4157368540763855,0.014575421810150146,20.689655172413794
Random,13,0.6,0.4,Diffusion Model for Sustainability to solve Distribution Shift,Diffusion Model,Distribution Shift,Sustainability,200,False,0.5782069563865662,99.92592592592592,0.7241466045379639,0.35929742455482483,0.5274210572242737,0.8019322172774209,0.44091224670410156,0.3521884083747864,-0.12039053440093994,0.0
Random,14,0.6,0.4,Diffusion Model for Sustainability to solve Distribution Shift,Diffusion Model,Distribution Shift,Sustainability,200,False,0.5782069563865662,99.92592592592592,0.7241466045379639,0.35929742455482483,0.5274210572242737,0.8019322172774209,0.44091224670410156,0.3521884083747864,-0.12039053440093994,0.0
Random,15,0.6,0.4,Diffusion Model for Sustainability to solve Miscalibrated Uncertainty,Diffusion Model,Miscalibrated Uncertainty,Sustainability,200,False,0.5718929171562195,99.85185185185185,0.7109459042549133,0.3633134365081787,0.5681947469711304,0.812718100450578,0.4555056095123291,0.4264068603515625,-0.005398392677307129,11.76470588235294
Random,16,0.6,0.4,Reinforcement Learning for Trustworthiness to solve Hallucination,Reinforcement Learning,Hallucination,Trustworthiness,200,False,0.5623862743377686,99.48148148148148,0.5668929219245911,0.5556263327598572,0.49730902910232544,0.7971362636203345,0.595526933670044,0.466234028339386,-0.036456942558288574,11.428571428571429
Random,17,0.6,0.4,Transformer for Sustainability to solve Opaque Decision Making,Transformer,Opaque Decision Making,Sustainability,200,False,0.5537526607513428,98.66666666666667,0.6298322677612305,0.43963322043418884,0.6484627723693848,0.8293119636786991,0.4113805592060089,0.4199804663658142,0.06844323873519897,50.0
Random,18,0.6,0.4,Diffusion Model for Generalization to solve Lack of Novelty,Diffusion Model,Lack of Novelty,Generalization,200,False,0.5638620257377625,99.62962962962963,0.6073680520057678,0.498602956533432,0.4612264037132263,0.831105749796407,0.5448585152626038,0.4031500220298767,-0.13562357425689697,1.023890784982935
Random,19,0.6,0.4,Diffusion Model for Safety to solve Hallucination,Diffusion Model,Hallucination,Safety,200,False,0.5668032169342041,99.77777777777777,0.6319001913070679,0.4691576659679413,0.43907469511032104,0.7910295136641486,0.5488975644111633,0.3685431480407715,-0.19238215684890747,0.0
Random,20,0.6,0.4,Diffusion Model for Sustainability to solve Distribution Shift,Diffusion Model,Distribution Shift,Sustainability,200,False,0.5782069563865662,99.92592592592592,0.7241466045379639,0.35929742455482483,0.5274210572242737,0.8019322172774209,0.44091224670410156,0.3521884083747864,-0.12039053440093994,0.0
Random,21,0.6,0.4,Diffusion Model for Safety to solve Hallucination,Diffusion Model,Hallucination,Safety,200,False,0.5668032169342041,99.77777777777777,0.6319001913070679,0.4691576659679413,0.43907469511032104,0.7910295136641486,0.5488975644111633,0.3685431480407715,-0.19238215684890747,0.0
Random,22,0.6,0.4,Diffusion Model for Safety to solve Distribution Shift,Diffusion Model,Distribution Shift,Safety,200,False,0.5642929673194885,99.70370370370371,0.6516523957252502,0.43325376510620117,0.48490309715270996,0.7950635834319848,0.48777303099632263,0.599254846572876,0.08415794372558594,83.51648351648352
Random,23,0.6,0.4,Multi-Agent System for Sustainability to solve Hallucination,Multi-Agent System,Hallucination,Sustainability,200,False,0.5539591312408447,98.77777777777777,0.6142289638519287,0.46355441212654114,0.5072078704833984,0.7880616839827631,0.5688703060150146,0.4087512493133545,-0.08404088020324707,3.7037037037037033
Random,24,0.6,0.4,Diffusion Model for Robustness to solve Bias,Diffusion Model,Bias,Robustness,200,False,0.5617193579673767,99.44444444444444,0.5887256860733032,0.5212097764015198,0.4284730553627014,0.7999089606027876,0.5404101014137268,0.5107383728027344,-0.06078857183456421,11.036789297658862
Random,25,0.6,0.4,Evolutionary Strategy for Safety to solve Hallucination,Evolutionary Strategy,Hallucination,Safety,200,False,0.5759415626525879,99.8888888888889,0.635863184928894,0.4860590994358063,0.5115106105804443,0.7882916130887423,0.5461012721061707,0.36363887786865234,-0.12485051155090332,1.06951871657754
Random,26,0.6,0.4,Evolutionary Strategy for Safety to solve Hallucination,Evolutionary Strategy,Hallucination,Safety,200,False,0.5759415626525879,99.8888888888889,0.635863184928894,0.4860590994358063,0.5115106105804443,0.7882916130887423,0.5461012721061707,0.36363887786865234,-0.12485051155090332,1.06951871657754
Random,27,0.6,0.4,Diffusion Model for Safety to solve Distribution Shift,Diffusion Model,Distribution Shift,Safety,200,False,0.5642929673194885,99.70370370370371,0.6516523957252502,0.43325376510620117,0.48490309715270996,0.7950635834319848,0.48777303099632263,0.599254846572876,0.08415794372558594,83.51648351648352
Random,28,0.6,0.4,Diffusion Model for Autonomy to solve Hallucination,Diffusion Model,Hallucination,Autonomy,200,False,0.563385546207428,99.51851851851852,0.5957489609718323,0.5148404240608215,0.4154188632965088,0.7670383777087864,0.5419190526008606,0.4526636004447937,-0.1319175362586975,1.8382352941176472
Random,29,0.6,0.4,Diffusion Model for Sustainability to solve High Latency,Diffusion Model,High Latency,Sustainability,200,False,0.5674578547477722,99.81481481481481,0.6884763240814209,0.38593003153800964,0.5142123699188232,0.7745185690537877,0.4400263726711273,0.3669487237930298,-0.11883890628814697,1.1363636363636365
Random,30,0.6,0.4,Diffusion Model for Sustainability to solve High Latency,Diffusion Model,High Latency,Sustainability,200,False,0.5674578547477722,99.81481481481481,0.6884763240814209,0.38593003153800964,0.5142123699188232,0.7745185690537877,0.4400263726711273,0.3669487237930298,-0.11883890628814697,1.1363636363636365
HillClimb,1,0.6,0.4,Transformer for Fairness to solve Catastrophic Forgetting,Transformer,Catastrophic Forgetting,Fairness,200,False,0.5576754808425903,99.14814814814815,0.5524827241897583,0.5654645562171936,0.5353277921676636,0.702288328019472,0.5682219862937927,0.5102995038032532,0.04562729597091675,52.28758169934641
HillClimb,2,0.6,0.4,Multi-Agent System for Safety to solve Hallucination,Multi-Agent System,Hallucination,Safety,200,False,0.5607806444168091,99.33333333333333,0.6078763604164124,0.490136981010437,0.5038685202598572,0.7986075014793976,0.5507300496101379,0.36811769008636475,-0.12801378965377808,0.5
HillClimb,3,0.6,0.4,Transformer for Safety to solve Privacy Leakage,Transformer,Privacy Leakage,Safety,200,False,0.5527992248535156,98.37037037037038,0.5716076493263245,0.5245864987373352,0.5832295417785645,0.769683771424609,0.46627530455589294,0.44490891695022583,0.028138458728790283,31.818181818181817
HillClimb,4,0.6,0.4,Diffusion Model for Robustness to solve Bias,Diffusion Model,Bias,Robustness,200,False,0.5617193579673767,99.44444444444444,0.5887256860733032,0.5212097764015198,0.4284730553627014,0.7999089606027876,0.5404101014137268,0.5107383728027344,-0.06078857183456421,11.036789297658862
HillClimb,5,0.6,0.4,Diffusion Model for Sustainability to solve Miscalibrated Uncertainty,Diffusion Model,Miscalibrated Uncertainty,Sustainability,200,False,0.5718929171562195,99.85185185185185,0.7109459042549133,0.3633134365081787,0.5681947469711304,0.812718100450578,0.4555056095123291,0.4264068603515625,-0.005398392677307129,11.76470588235294
HillClimb,6,0.6,0.4,Diffusion Model for Safety to solve Hallucination,Diffusion Model,Hallucination,Safety,200,False,0.5668032169342041,99.77777777777777,0.6319001913070679,0.4691576659679413,0.43907469511032104,0.7910295136641486,0.5488975644111633,0.3685431480407715,-0.19238215684890747,0.0
HillClimb,7,0.6,0.4,Diffusion Model for Safety to solve Hallucination,Diffusion Model,Hallucination,Safety,200,False,0.5668032169342041,99.77777777777777,0.6319001913070679,0.4691576659679413,0.43907469511032104,0.7910295136641486,0.5488975644111633,0.3685431480407715,-0.19238215684890747,0.0
HillClimb,8,0.6,0.4,Transformer for Fairness to solve Catastrophic Forgetting,Transformer,Catastrophic Forgetting,Fairness,200,False,0.5576754808425903,99.14814814814815,0.5524827241897583,0.5654645562171936,0.5353277921676636,0.702288328019472,0.5682219862937927,0.5102995038032532,0.04562729597091675,52.28758169934641
HillClimb,9,0.6,0.4,Diffusion Model for Autonomy to solve Distribution Shift,Diffusion Model,Distribution Shift,Autonomy,200,True,0.5857058167457581,99.96296296296296,0.6257466077804565,0.5256446003913879,0.5267176628112793,0.7714780588559823,0.4874227046966553,0.5015791058540344,0.02829676866531372,49.68944099378882
HillClimb,10,0.6,0.4,Transformer for Efficiency to solve Energy Consumption,Transformer,Energy Consumption,Efficiency,200,False,0.5546157956123352,98.96296296296296,0.6027675867080688,0.48238810896873474,0.5623704791069031,0.7316948114339041,0.4910944998264313,0.44492971897125244,0.007300198078155518,25.396825396825395
HillClimb,11,0.6,0.4,Diffusion Model for Autonomy to solve Distribution Shift,Diffusion Model,Distribution Shift,Autonomy,200,True,0.5857058167457581,99.96296296296296,0.6257466077804565,0.5256446003913879,0.5267176628112793,0.7714780588559823,0.4874227046966553,0.5015791058540344,0.02829676866531372,49.68944099378882
HillClimb,12,0.6,0.4,Diffusion Model for Sustainability to solve High Latency,Diffusion Model,High Latency,Sustainability,200,False,0.5674578547477722,99.81481481481481,0.6884763240814209,0.38593003153800964,0.5142123699188232,0.7745185690537877,0.4400263726711273,0.3669487237930298,-0.11883890628814697,1.1363636363636365
HillClimb,13,0.6,0.4,Diffusion Model for Autonomy to solve Distribution Shift,Diffusion Model,Distribution Shift,Autonomy,200,True,0.5857058167457581,99.96296296296296,0.6257466077804565,0.5256446003913879,0.5267176628112793,0.7714780588559823,0.4874227046966553,0.5015791058540344,0.02829676866531372,49.68944099378882
HillClimb,14,0.6,0.4,Multi-Agent System for Fairness to solve Hallucination,Multi-Agent System,Hallucination,Fairness,200,False,0.565657377243042,99.74074074074075,0.5790643692016602,0.5455467700958252,0.5301631093025208,0.800791232764817,0.550689160823822,0.4165796637535095,-0.05325722694396973,5.590062111801243
HillClimb,15,0.6,0.4,Diffusion Model for Sustainability to solve High Latency,Diffusion Model,High Latency,Sustainability,200,False,0.5674578547477722,99.81481481481481,0.6884763240814209,0.38593003153800964,0.5142123699188232,0.7745185690537877,0.4400263726711273,0.3669487237930298,-0.11883890628814697,1.1363636363636365
HillClimb,16,0.6,0.4,Multi-Agent System for Fairness to solve Catastrophic Forgetting,Multi-Agent System,Catastrophic Forgetting,Fairness,200,False,0.5612874031066895,99.37037037037038,0.5029671788215637,0.6487677097320557,0.4477277398109436,0.7097541105803373,0.5956833958625793,0.5013979077339172,-0.05087435245513916,12.996389891696749
HillClimb,17,0.6,0.4,Evolutionary Strategy for Safety to solve Hallucination,Evolutionary Strategy,Hallucination,Safety,200,False,0.5759415626525879,99.8888888888889,0.635863184928894,0.4860590994358063,0.5115106105804443,0.7882916130887423,0.5461012721061707,0.36363887786865234,-0.12485051155090332,1.06951871657754
HillClimb,18,0.6,0.4,Evolutionary Strategy for Safety to solve Hallucination,Evolutionary Strategy,Hallucination,Safety,200,False,0.5759415626525879,99.8888888888889,0.635863184928894,0.4860590994358063,0.5115106105804443,0.7882916130887423,0.5461012721061707,0.36363887786865234,-0.12485051155090332,1.06951871657754
HillClimb,19,0.6,0.4,Diffusion Model for Safety to solve Hallucination,Diffusion Model,Hallucination,Safety,200,False,0.5668032169342041,99.77777777777777,0.6319001913070679,0.4691576659679413,0.43907469511032104,0.7910295136641486,0.5488975644111633,0.3685431480407715,-0.19238215684890747,0.0
HillClimb,20,0.6,0.4,Diffusion Model for Sustainability to solve Miscalibrated Uncertainty,Diffusion Model,Miscalibrated Uncertainty,Sustainability,200,False,0.5718929171562195,99.85185185185185,0.7109459042549133,0.3633134365081787,0.5681947469711304,0.812718100450578,0.4555056095123291,0.4264068603515625,-0.005398392677307129,11.76470588235294
HillClimb,21,0.6,0.4,Evolutionary Strategy for Safety to solve Hallucination,Evolutionary Strategy,Hallucination,Safety,200,False,0.5759415626525879,99.8888888888889,0.635863184928894,0.4860590994358063,0.5115106105804443,0.7882916130887423,0.5461012721061707,0.36363887786865234,-0.12485051155090332,1.06951871657754
HillClimb,22,0.6,0.4,Diffusion Model for Generalization to solve Lack of Novelty,Diffusion Model,Lack of Novelty,Generalization,200,False,0.5638620257377625,99.62962962962963,0.6073680520057678,0.498602956533432,0.4612264037132263,0.831105749796407,0.5448585152626038,0.4031500220298767,-0.13562357425689697,1.023890784982935
HillClimb,23,0.6,0.4,Evolutionary Strategy for Safety to solve Hallucination,Evolutionary Strategy,Hallucination,Safety,200,False,0.5759415626525879,99.8888888888889,0.635863184928894,0.4860590994358063,0.5115106105804443,0.7882916130887423,0.5461012721061707,0.36363887786865234,-0.12485051155090332,1.06951871657754
HillClimb,24,0.6,0.4,Diffusion Model for Sustainability to solve Distribution Shift,Diffusion Model,Distribution Shift,Sustainability,200,False,0.5782069563865662,99.92592592592592,0.7241466045379639,0.35929742455482483,0.5274210572242737,0.8019322172774209,0.44091224670410156,0.3521884083747864,-0.12039053440093994,0.0
HillClimb,25,0.6,0.4,Diffusion Model for Sustainability to solve Distribution Shift,Diffusion Model,Distribution Shift,Sustainability,200,False,0.5782069563865662,99.92592592592592,0.7241466045379639,0.35929742455482483,0.5274210572242737,0.8019322172774209,0.44091224670410156,0.3521884083747864,-0.12039053440093994,0.0
HillClimb,26,0.6,0.4,Multi-Agent System for Fairness to solve Hallucination,Multi-Agent System,Hallucination,Fairness,200,False,0.565657377243042,99.74074074074075,0.5790643692016602,0.5455467700958252,0.5301631093025208,0.800791232764817,0.550689160823822,0.4165796637535095,-0.05325722694396973,5.590062111801243
HillClimb,27,0.6,0.4,Diffusion Model for Safety to solve Hallucination,Diffusion Model,Hallucination,Safety,200,False,0.5668032169342041,99.77777777777777,0.6319001913070679,0.4691576659679413,0.43907469511032104,0.7910295136641486,0.5488975644111633,0.3685431480407715,-0.19238215684890747,0.0
HillClimb,28,0.6,0.4,Contrastive Learning for Trustworthiness to solve Lack of Novelty,Contrastive Learning,Lack of Novelty,Trustworthiness,200,False,0.5615913271903992,99.4074074074074,0.5937957167625427,0.5132847428321838,0.563657283782959,0.7929527674229029,0.5616362690925598,0.4107491970062256,-0.02559351921081543,4.6875
HillClimb,29,0.6,0.4,Contrastive Learning for Trustworthiness to solve Energy Consumption,Contrastive Learning,Energy Consumption,Trustworthiness,200,False,0.5597674250602722,99.29629629629629,0.6015137434005737,0.49714788794517517,0.5373438000679016,0.7536403610969007,0.5471289753913879,0.4705727696418762,0.007916569709777832,27.142857142857142
HillClimb,30,0.6,0.4,Evolutionary Strategy for Safety to solve Hallucination,Evolutionary Strategy,Hallucination,Safety,200,False,0.5759415626525879,99.8888888888889,0.635863184928894,0.4860590994358063,0.5115106105804443,0.7882916130887423,0.5461012721061707,0.36363887786865234,-0.12485051155090332,1.06951871657754
GA-NoveltyOnly,1,1.0,0.0,Multi-Agent System for Sustainability to solve Hallucination,Multi-Agent System,Hallucination,Sustainability,200,False,0.5539591312408447,98.77777777777777,0.6142289638519287,0.46355441212654114,0.5072078704833984,0.7880616839827631,0.5688703060150146,0.4087512493133545,-0.08404088020324707,3.7037037037037033
GA-NoveltyOnly,2,1.0,0.0,Diffusion Model for Safety to solve Energy Consumption,Diffusion Model,Energy Consumption,Safety,200,False,0.5434696674346924,96.37037037037037,0.610355019569397,0.4431416094303131,0.4688050150871277,0.7459715452066576,0.5040978789329529,0.3884209394454956,-0.1427740454673767,0.7017543859649122
GA-NoveltyOnly,3,1.0,0.0,Diffusion Model for Safety to solve Distribution Shift,Diffusion Model,Distribution Shift,Safety,200,False,0.5642929673194885,99.70370370370371,0.6516523957252502,0.43325376510620117,0.48490309715270996,0.7950635834319848,0.48777303099632263,0.599254846572876,0.08415794372558594,83.51648351648352
GA-NoveltyOnly,4,1.0,0.0,Diffusion Model for Sustainability to solve Distribution Shift,Diffusion Model,Distribution Shift,Sustainability,200,True,0.5782069563865662,99.92592592592592,0.7241466045379639,0.35929742455482483,0.5274210572242737,0.8019322172774209,0.44091224670410156,0.3521884083747864,-0.12039053440093994,0.0
GA-NoveltyOnly,5,1.0,0.0,Diffusion Model for Sustainability to solve Distribution Shift,Diffusion Model,Distribution Shift,Sustainability,200,True,0.5782069563865662,99.92592592592592,0.7241466045379639,0.35929742455482483,0.5274210572242737,0.8019322172774209,0.44091224670410156,0.3521884083747864,-0.12039053440093994,0.0
GA-NoveltyOnly,6,1.0,0.0,Transformer for Sustainability to solve Miscalibrated Uncertainty,Transformer,Miscalibrated Uncertainty,Sustainability,200,False,0.5415541529655457,95.5925925925926,0.6478832960128784,0.38206037878990173,0.5927447080612183,0.7600955967266646,0.42659977078437805,0.3641117811203003,-0.043143510818481445,6.666666666666667
GA-NoveltyOnly,7,1.0,0.0,Diffusion Model for Sustainability to solve Distribution Shift,Diffusion Model,Distribution Shift,Sustainability,200,True,0.5782069563865662,99.92592592592592,0.7241466045379639,0.35929742455482483,0.5274210572242737,0.8019322172774209,0.44091224670410156,0.3521884083747864,-0.12039053440093994,0.0
GA-NoveltyOnly,8,1.0,0.0,Diffusion Model for Sustainability to solve Distribution Shift,Diffusion Model,Distribution Shift,Sustainability,200,True,0.5782069563865662,99.92592592592592,0.7241466045379639,0.35929742455482483,0.5274210572242737,0.8019322172774209,0.44091224670410156,0.3521884083747864,-0.12039053440093994,0.0
GA-NoveltyOnly,9,1.0,0.0,Diffusion Model for Sustainability to solve Hallucination,Diffusion Model,Hallucination,Sustainability,200,False,0.5638846158981323,99.66666666666667,0.657512366771698,0.42344292998313904,0.4592425227165222,0.7880353035451416,0.5507404208183289,0.35950446128845215,-0.18125301599502563,0.0
GA-NoveltyOnly,10,1.0,0.0,Diffusion Model for Sustainability to solve Miscalibrated Uncertainty,Diffusion Model,Miscalibrated Uncertainty,Sustainability,200,False,0.5718929171562195,99.85185185185185,0.7109459042549133,0.3633134365081787,0.5681947469711304,0.812718100450578,0.4555056095123291,0.4264068603515625,-0.005398392677307129,11.76470588235294
GA-NoveltyOnly,11,1.0,0.0,Diffusion Model for Sustainability to solve Distribution Shift,Diffusion Model,Distribution Shift,Sustainability,200,True,0.5782069563865662,99.92592592592592,0.7241466045379639,0.35929742455482483,0.5274210572242737,0.8019322172774209,0.44091224670410156,0.3521884083747864,-0.12039053440093994,0.0
GA-NoveltyOnly,12,1.0,0.0,Contrastive Learning for Personalization to solve Reward Hacking,Contrastive Learning,Reward Hacking,Personalization,200,False,0.553815484046936,98.74074074074073,0.5628741383552551,0.540227472782135,0.5367357134819031,0.7761281562054598,0.5235390067100525,0.5431028604507446,0.0798385739326477,73.75886524822694
GA-NoveltyOnly,13,1.0,0.0,Diffusion Model for Sustainability to solve High Latency,Diffusion Model,High Latency,Sustainability,200,False,0.5674578547477722,99.81481481481481,0.6884763240814209,0.38593003153800964,0.5142123699188232,0.7745185690537877,0.4400263726711273,0.3669487237930298,-0.11883890628814697,1.1363636363636365
GA-NoveltyOnly,14,1.0,0.0,Diffusion Model for Sustainability to solve Distribution Shift,Diffusion Model,Distribution Shift,Sustainability,200,True,0.5782069563865662,99.92592592592592,0.7241466045379639,0.35929742455482483,0.5274210572242737,0.8019322172774209,0.44091224670410156,0.3521884083747864,-0.12039053440093994,0.0
GA-NoveltyOnly,15,1.0,0.0,Diffusion Model for Sustainability to solve Opaque Decision Making,Diffusion Model,Opaque Decision Making,Sustainability,200,False,0.5465005040168762,97.33333333333334,0.647584080696106,0.39487507939338684,0.5276252031326294,0.8408711490049527,0.488688588142395,0.4243389964103699,-0.04803580045700073,6.918238993710692
GA-NoveltyOnly,16,1.0,0.0,Diffusion Model for Sustainability to solve Miscalibrated Uncertainty,Diffusion Model,Miscalibrated Uncertainty,Sustainability,200,False,0.5718929171562195,99.85185185185185,0.7109459042549133,0.3633134365081787,0.5681947469711304,0.812718100450578,0.4555056095123291,0.4264068603515625,-0.005398392677307129,11.76470588235294
GA-NoveltyOnly,17,1.0,0.0,Diffusion Model for Sustainability to solve Miscalibrated Uncertainty,Diffusion Model,Miscalibrated Uncertainty,Sustainability,200,False,0.5718929171562195,99.85185185185185,0.7109459042549133,0.3633134365081787,0.5681947469711304,0.812718100450578,0.4555056095123291,0.4264068603515625,-0.005398392677307129,11.76470588235294
GA-NoveltyOnly,18,1.0,0.0,Diffusion Model for Efficiency to solve Lack of Novelty,Diffusion Model,Lack of Novelty,Efficiency,200,False,0.5555396676063538,99.03703703703704,0.6644769906997681,0.3921337127685547,0.43097567558288574,0.8293650011803586,0.497578889131546,0.39950406551361084,-0.16952025890350342,0.34843205574912894
GA-NoveltyOnly,19,1.0,0.0,Transformer for Sustainability to solve Miscalibrated Uncertainty,Transformer,Miscalibrated Uncertainty,Sustainability,200,False,0.5415541529655457,95.5925925925926,0.6478832960128784,0.38206037878990173,0.5927447080612183,0.7600955967266646,0.42659977078437805,0.3641117811203003,-0.043143510818481445,6.666666666666667
GA-NoveltyOnly,20,1.0,0.0,Diffusion Model for Sustainability to solve Data Scarcity,Diffusion Model,Data Scarcity,Sustainability,200,False,0.5634397268295288,99.55555555555556,0.6602367162704468,0.41824421286582947,0.49686408042907715,0.8185274489302186,0.5245031714439392,0.3895266652107239,-0.11360925436019897,0.8298755186721992
GA-NoveltyOnly,21,1.0,0.0,Diffusion Model for Sustainability to solve Distribution Shift,Diffusion Model,Distribution Shift,Sustainability,200,True,0.5782069563865662,99.92592592592592,0.7241466045379639,0.35929742455482483,0.5274210572242737,0.8019322172774209,0.44091224670410156,0.3521884083747864,-0.12039053440093994,0.0
GA-NoveltyOnly,22,1.0,0.0,Transformer for Trustworthiness to solve Energy Consumption,Transformer,Energy Consumption,Trustworthiness,200,False,0.5533132553100586,98.55555555555556,0.6348210573196411,0.43105149269104004,0.6254088282585144,0.7489199786358642,0.4718059003353119,0.4102916717529297,0.03570050001144409,21.428571428571427
GA-NoveltyOnly,23,1.0,0.0,Diffusion Model for Sustainability to solve Distribution Shift,Diffusion Model,Distribution Shift,Sustainability,200,True,0.5782069563865662,99.92592592592592,0.7241466045379639,0.35929742455482483,0.5274210572242737,0.8019322172774209,0.44091224670410156,0.3521884083747864,-0.12039053440093994,0.0
GA-NoveltyOnly,24,1.0,0.0,Contrastive Learning for Trustworthiness to solve Energy Consumption,Contrastive Learning,Energy Consumption,Trustworthiness,200,False,0.5597674250602722,99.29629629629629,0.6015137434005737,0.49714788794517517,0.5373438000679016,0.7536403610969007,0.5471289753913879,0.4705727696418762,0.007916569709777832,27.142857142857142
GA-NoveltyOnly,25,1.0,0.0,Evolutionary Strategy for Trustworthiness to solve Hallucination,Evolutionary Strategy,Hallucination,Trustworthiness,200,False,0.5590502619743347,99.25925925925925,0.5951974987983704,0.5048294067382812,0.5134575963020325,0.7944107857358527,0.5701791644096375,0.3871835470199585,-0.09935885667800903,2.793296089385475
GA-NoveltyOnly,26,1.0,0.0,Transformer for Trustworthiness to solve Energy Consumption,Transformer,Energy Consumption,Trustworthiness,200,False,0.5533132553100586,98.55555555555556,0.6348210573196411,0.43105149269104004,0.6254088282585144,0.7489199786358642,0.4718059003353119,0.4102916717529297,0.03570050001144409,21.428571428571427
GA-NoveltyOnly,27,1.0,0.0,Diffusion Model for Sustainability to solve Distribution Shift,Diffusion Model,Distribution Shift,Sustainability,200,True,0.5782069563865662,99.92592592592592,0.7241466045379639,0.35929742455482483,0.5274210572242737,0.8019322172774209,0.44091224670410156,0.3521884083747864,-0.12039053440093994,0.0
GA-NoveltyOnly,28,1.0,0.0,Diffusion Model for Sustainability to solve Distribution Shift,Diffusion Model,Distribution Shift,Sustainability,200,True,0.5782069563865662,99.92592592592592,0.7241466045379639,0.35929742455482483,0.5274210572242737,0.8019322172774209,0.44091224670410156,0.3521884083747864,-0.12039053440093994,0.0
GA-NoveltyOnly,29,1.0,0.0,Diffusion Model for Sustainability to solve Distribution Shift,Diffusion Model,Distribution Shift,Sustainability,200,True,0.5782069563865662,99.92592592592592,0.7241466045379639,0.35929742455482483,0.5274210572242737,0.8019322172774209,0.44091224670410156,0.3521884083747864,-0.12039053440093994,0.0
GA-NoveltyOnly,30,1.0,0.0,Diffusion Model for Sustainability to solve Miscalibrated Uncertainty,Diffusion Model,Miscalibrated Uncertainty,Sustainability,200,False,0.5718929171562195,99.85185185185185,0.7109459042549133,0.3633134365081787,0.5681947469711304,0.812718100450578,0.4555056095123291,0.4264068603515625,-0.005398392677307129,11.76470588235294
GA-UtilityOnly,1,0.0,1.0,Reinforcement Learning for Fairness to solve Adversarial Vulnerability,Reinforcement Learning,Adversarial Vulnerability,Fairness,200,False,0.4596657156944275,13.592592592592592,0.2794730067253113,0.729954719543457,0.37991100549697876,0.7333634214157897,0.6681421399116516,0.6218149662017822,0.0017259716987609863,61.73469387755102
GA-UtilityOnly,2,0.0,1.0,Federated Learning for Efficiency to solve Privacy Leakage,Federated Learning,Privacy Leakage,Efficiency,200,False,0.40229180455207825,0.2222222222222222,0.16332238912582397,0.7607459425926208,0.22366929054260254,0.714044917370221,0.7364797592163086,0.7978429198265076,0.021512210369110107,80.0
GA-UtilityOnly,3,0.0,1.0,Causal Inference for Fairness to solve Adversarial Vulnerability,Causal Inference,Adversarial Vulnerability,Fairness,200,False,0.4512503743171692,9.074074074074074,0.23839008808135986,0.770540714263916,0.35587477684020996,0.7977047048211037,0.6391335129737854,0.6431782841682434,-0.0009469389915466309,65.18518518518519
GA-UtilityOnly,4,0.0,1.0,Neural Architecture Search for Efficiency to solve Catastrophic Forgetting,Neural Architecture Search,Catastrophic Forgetting,Efficiency,200,False,0.4580375850200653,12.333333333333334,0.2826386094093323,0.7211360335350037,0.2713913917541504,0.696993323885074,0.7248267531394958,0.6571764945983887,-0.07143211364746094,27.586206896551722
GA-UtilityOnly,5,0.0,1.0,Federated Learning for Fairness to solve Adversarial Vulnerability,Federated Learning,Adversarial Vulnerability,Fairness,200,True,0.45219895243644714,9.555555555555555,0.22540897130966187,0.7923839092254639,0.25611281394958496,0.7166523494187924,0.7287046313285828,0.7454361915588379,0.0015490055084228516,66.66666666666666
GA-UtilityOnly,6,0.0,1.0,Federated Learning for Fairness to solve Adversarial Vulnerability,Federated Learning,Adversarial Vulnerability,Fairness,200,True,0.45219895243644714,9.555555555555555,0.22540897130966187,0.7923839092254639,0.25611281394958496,0.7166523494187924,0.7287046313285828,0.7454361915588379,0.0015490055084228516,66.66666666666666
GA-UtilityOnly,7,0.0,1.0,Neural Architecture Search for Robustness to solve Catastrophic Forgetting,Neural Architecture Search,Catastrophic Forgetting,Robustness,200,False,0.44986817240715027,8.333333333333332,0.27236753702163696,0.716119110584259,0.24075466394424438,0.6884186541598218,0.703835666179657,0.6759884357452393,-0.08325690031051636,7.6923076923076925
GA-UtilityOnly,8,0.0,1.0,Federated Learning for Fairness to solve Adversarial Vulnerability,Federated Learning,Adversarial Vulnerability,Fairness,200,True,0.45219895243644714,9.555555555555555,0.22540897130966187,0.7923839092254639,0.25611281394958496,0.7166523494187924,0.7287046313285828,0.7454361915588379,0.0015490055084228516,66.66666666666666
GA-UtilityOnly,9,0.0,1.0,Graph Neural Network for Explainability to solve Catastrophic Forgetting,Graph Neural Network,Catastrophic Forgetting,Explainability,200,False,0.4766654670238495,26.25925925925926,0.30236780643463135,0.7381119728088379,0.3029668927192688,0.6692694238283275,0.7338955998420715,0.5939062833786011,-0.10312682390213013,0.0
GA-UtilityOnly,10,0.0,1.0,Federated Learning for Fairness to solve Adversarial Vulnerability,Federated Learning,Adversarial Vulnerability,Fairness,200,True,0.45219895243644714,9.555555555555555,0.22540897130966187,0.7923839092254639,0.25611281394958496,0.7166523494187924,0.7287046313285828,0.7454361915588379,0.0015490055084228516,66.66666666666666
GA-UtilityOnly,11,0.0,1.0,Federated Learning for Fairness to solve Adversarial Vulnerability,Federated Learning,Adversarial Vulnerability,Fairness,200,True,0.45219895243644714,9.555555555555555,0.22540897130966187,0.7923839092254639,0.25611281394958496,0.7166523494187924,0.7287046313285828,0.7454361915588379,0.0015490055084228516,66.66666666666666
GA-UtilityOnly,12,0.0,1.0,Contrastive Learning for Fairness to solve Adversarial Vulnerability,Contrastive Learning,Adversarial Vulnerability,Fairness,200,False,0.47725170850753784,26.962962962962962,0.31122303009033203,0.726294755935669,0.3659597635269165,0.7688559107551356,0.6740773320198059,0.6308513879776001,-0.0031888484954833984,62.11180124223602
GA-UtilityOnly,13,0.0,1.0,Reinforcement Learning for Fairness to solve Adversarial Vulnerability,Reinforcement Learning,Adversarial Vulnerability,Fairness,200,False,0.4596657156944275,13.592592592592592,0.2794730067253113,0.729954719543457,0.37991100549697876,0.7333634214157897,0.6681421399116516,0.6218149662017822,0.0017259716987609863,61.73469387755102
GA-UtilityOnly,14,0.0,1.0,Neural Architecture Search for Efficiency to solve Catastrophic Forgetting,Neural Architecture Search,Catastrophic Forgetting,Efficiency,200,False,0.4580375850200653,12.333333333333334,0.2826386094093323,0.7211360335350037,0.2713913917541504,0.696993323885074,0.7248267531394958,0.6571764945983887,-0.07143211364746094,27.586206896551722
GA-UtilityOnly,15,0.0,1.0,Federated Learning for Fairness to solve Adversarial Vulnerability,Federated Learning,Adversarial Vulnerability,Fairness,200,True,0.45219895243644714,9.555555555555555,0.22540897130966187,0.7923839092254639,0.25611281394958496,0.7166523494187924,0.7287046313285828,0.7454361915588379,0.0015490055084228516,66.66666666666666
GA-UtilityOnly,16,0.0,1.0,Federated Learning for Fairness to solve Adversarial Vulnerability,Federated Learning,Adversarial Vulnerability,Fairness,200,True,0.45219895243644714,9.555555555555555,0.22540897130966187,0.7923839092254639,0.25611281394958496,0.7166523494187924,0.7287046313285828,0.7454361915588379,0.0015490055084228516,66.66666666666666
GA-UtilityOnly,17,0.0,1.0,Neural Architecture Search for Efficiency to solve Catastrophic Forgetting,Neural Architecture Search,Catastrophic Forgetting,Efficiency,200,False,0.4580375850200653,12.333333333333334,0.2826386094093323,0.7211360335350037,0.2713913917541504,0.696993323885074,0.7248267531394958,0.6571764945983887,-0.07143211364746094,27.586206896551722
GA-UtilityOnly,18,0.0,1.0,Causal Inference for Fairness to solve Adversarial Vulnerability,Causal Inference,Adversarial Vulnerability,Fairness,200,False,0.4512503743171692,9.074074074074074,0.23839008808135986,0.770540714263916,0.35587477684020996,0.7977047048211037,0.6391335129737854,0.6431782841682434,-0.0009469389915466309,65.18518518518519
GA-UtilityOnly,19,0.0,1.0,Federated Learning for Robustness to solve Adversarial Vulnerability,Federated Learning,Adversarial Vulnerability,Robustness,200,False,0.41963285207748413,1.6666666666666667,0.18924158811569214,0.7652197480201721,0.18234097957611084,0.6330795678471017,0.7780314087867737,0.7225207686424255,-0.09513825178146362,0.0
GA-UtilityOnly,20,0.0,1.0,Federated Learning for Personalization to solve Privacy Leakage,Federated Learning,Privacy Leakage,Personalization,200,False,0.4372210204601288,4.518518518518518,0.2223261594772339,0.7595632672309875,0.2690187692642212,0.7412819223229451,0.7039441466331482,0.7677997350692749,0.036818504333496094,95.83333333333334
GA-UtilityOnly,21,0.0,1.0,Federated Learning for Fairness to solve Adversarial Vulnerability,Federated Learning,Adversarial Vulnerability,Fairness,200,True,0.45219895243644714,9.555555555555555,0.22540897130966187,0.7923839092254639,0.25611281394958496,0.7166523494187924,0.7287046313285828,0.7454361915588379,0.0015490055084228516,66.66666666666666
GA-UtilityOnly,22,0.0,1.0,Federated Learning for Fairness to solve Adversarial Vulnerability,Federated Learning,Adversarial Vulnerability,Fairness,200,True,0.45219895243644714,9.555555555555555,0.22540897130966187,0.7923839092254639,0.25611281394958496,0.7166523494187924,0.7287046313285828,0.7454361915588379,0.0015490055084228516,66.66666666666666
GA-UtilityOnly,23,0.0,1.0,Graph Neural Network for Robustness to solve Adversarial Vulnerability,Graph Neural Network,Adversarial Vulnerability,Robustness,200,False,0.45000046491622925,8.407407407407408,0.2609110474586487,0.7336345314979553,0.3189812898635864,0.747576266537546,0.7036557197570801,0.7671558856964111,0.08613717555999756,97.1830985915493
GA-UtilityOnly,24,0.0,1.0,Graph Neural Network for Robustness to solve Adversarial Vulnerability,Graph Neural Network,Adversarial Vulnerability,Robustness,200,False,0.45000046491622925,8.407407407407408,0.2609110474586487,0.7336345314979553,0.3189812898635864,0.747576266537546,0.7036557197570801,0.7671558856964111,0.08613717555999756,97.1830985915493
GA-UtilityOnly,25,0.0,1.0,Graph Neural Network for Robustness to solve Catastrophic Forgetting,Graph Neural Network,Catastrophic Forgetting,Robustness,200,False,0.4806261658668518,30.814814814814817,0.31528306007385254,0.7286407351493835,0.29134196043014526,0.6770739070525756,0.7110206484794617,0.6331716775894165,-0.07548636198043823,33.33333333333333
GA-UtilityOnly,26,0.0,1.0,Federated Learning for Fairness to solve Adversarial Vulnerability,Federated Learning,Adversarial Vulnerability,Fairness,200,True,0.45219895243644714,9.555555555555555,0.22540897130966187,0.7923839092254639,0.25611281394958496,0.7166523494187924,0.7287046313285828,0.7454361915588379,0.0015490055084228516,66.66666666666666
GA-UtilityOnly,27,0.0,1.0,Federated Learning for Fairness to solve Adversarial Vulnerability,Federated Learning,Adversarial Vulnerability,Fairness,200,True,0.45219895243644714,9.555555555555555,0.22540897130966187,0.7923839092254639,0.25611281394958496,0.7166523494187924,0.7287046313285828,0.7454361915588379,0.0015490055084228516,66.66666666666666
GA-UtilityOnly,28,0.0,1.0,Federated Learning for Fairness to solve Label Noise,Federated Learning,Label Noise,Fairness,200,False,0.4900336265563965,42.2962962962963,0.30725204944610596,0.7642059326171875,0.302273154258728,0.68829293019058,0.6974640488624573,0.7379173040390015,0.04019045829772949,95.1219512195122
GA-UtilityOnly,29,0.0,1.0,Graph Neural Network for Robustness to solve Adversarial Vulnerability,Graph Neural Network,Adversarial Vulnerability,Robustness,200,False,0.45000046491622925,8.407407407407408,0.2609110474586487,0.7336345314979553,0.3189812898635864,0.747576266537546,0.7036557197570801,0.7671558856964111,0.08613717555999756,97.1830985915493
GA-UtilityOnly,30,0.0,1.0,Federated Learning for Fairness to solve Adversarial Vulnerability,Federated Learning,Adversarial Vulnerability,Fairness,200,True,0.45219895243644714,9.555555555555555,0.22540897130966187,0.7923839092254639,0.25611281394958496,0.7166523494187924,0.7287046313285828,0.7454361915588379,0.0015490055084228516,66.66666666666666
Uniform(no search),1,,,Multi-Agent System for Robustness to solve Reward Hacking,Multi-Agent System,Reward Hacking,Robustness,1,,0.4771389365196228,26.851851851851855,0.4196138381958008,0.5634265542030334,0.5430868268013,0.7641009181943157,0.48966503143310547,0.6351513862609863,0.17823821306228638,99.23664122137404
Uniform(no search),2,,,Causal Inference for Personalization to solve Miscalibrated Uncertainty,Causal Inference,Miscalibrated Uncertainty,Personalization,1,,0.5173505544662476,77.88888888888889,0.5186467170715332,0.5154061913490295,0.4576418399810791,0.7238732229678936,0.5006635189056396,0.47150808572769165,-0.07085007429122925,5.633802816901409
Uniform(no search),3,,,Federated Learning for Safety to solve Distribution Shift,Federated Learning,Distribution Shift,Safety,1,,0.4172324240207672,1.5185185185185186,0.2972055673599243,0.5972726941108704,0.33931511640548706,0.7901737559124273,0.6161019206047058,0.6841393709182739,0.023454487323760986,83.17757009345794
Uniform(no search),4,,,Graph Neural Network for Trustworthiness to solve Data Scarcity,Graph Neural Network,Data Scarcity,Trustworthiness,1,,0.5042736530303955,61.29629629629629,0.4541889429092407,0.5794007182121277,0.4191364049911499,0.792465368985724,0.5841935276985168,0.599004864692688,0.01814126968383789,64.98194945848375
Uniform(no search),5,,,Symbolic AI for Trustworthiness to solve Reward Hacking,Symbolic AI,Reward Hacking,Trustworthiness,1,,0.4918175935745239,44.62962962962963,0.40871477127075195,0.6164717674255371,0.43628227710723877,0.7783382713133347,0.5667676329612732,0.6108165979385376,0.04709887504577637,78.27586206896552
Uniform(no search),6,,,Neural Architecture Search for Robustness to solve Miscalibrated Uncertainty,Neural Architecture Search,Miscalibrated Uncertainty,Robustness,1,,0.5085347294807434,67.18518518518518,0.47981590032577515,0.5516129732131958,0.3926823139190674,0.7705084519684005,0.5929744243621826,0.583751380443573,-0.02356630563735962,42.129629629629626
Uniform(no search),7,,,Retrieval-Augmented Generation for Fairness to solve Miscalibrated Uncertainty,Retrieval-Augmented Generation,Miscalibrated Uncertainty,Fairness,1,,0.4700031876564026,20.296296296296294,0.37370264530181885,0.614453911781311,0.44043880701065063,0.639054709657179,0.5607317686080933,0.6438146829605103,0.08425348997116089,89.82456140350877
Uniform(no search),8,,,Reinforcement Learning for Personalization to solve Bias,Reinforcement Learning,Bias,Personalization,1,,0.5279709100723267,88.44444444444444,0.5187618732452393,0.5417845249176025,0.4948498010635376,0.7581213552805678,0.5328115820884705,0.5657798647880554,0.06062966585159302,75.21008403361344
Uniform(no search),9,,,Transformer for Autonomy to solve Long-Context Reasoning,Transformer,Long-Context Reasoning,Autonomy,1,,0.4721575677394867,21.814814814814813,0.4133574962615967,0.5603576302528381,0.508895754814148,0.775552859496905,0.5094026327133179,0.567438006401062,0.07633376121520996,79.00552486187846
Uniform(no search),10,,,Quantum Annealing for Fairness to solve Opaque Decision Making,Quantum Annealing,Opaque Decision Making,Fairness,1,,0.5220493078231812,83.7037037037037,0.44061213731765747,0.6442051529884338,0.4607393741607666,0.790897977560462,0.5928744673728943,0.5736588835716248,0.03439825773239136,64.84641638225256
Uniform(no search),11,,,Neural Architecture Search for Scalability to solve Reward Hacking,Neural Architecture Search,Reward Hacking,Scalability,1,,0.5050867795944214,62.29629629629629,0.43300753831863403,0.6132055521011353,0.4431576728820801,0.777246758544919,0.5551061034202576,0.6214858293533325,0.0646435022354126,87.06293706293707
Uniform(no search),12,,,Diffusion Model for Creativity to solve Bias,Diffusion Model,Bias,Creativity,1,,0.4813978970050812,31.88888888888889,0.45795583724975586,0.516560971736908,0.40751099586486816,0.7810751038445691,0.5657839179039001,0.6037757396697998,0.011286735534667969,60.90534979423868
Uniform(no search),13,,,Evolutionary Strategy for Generalization to solve Reward Hacking,Evolutionary Strategy,Reward Hacking,Generalization,1,,0.49955570697784424,54.333333333333336,0.44627976417541504,0.5794695615768433,0.434523344039917,0.7562402420188512,0.5777972936630249,0.6650052070617676,0.09952855110168457,95.0530035335689
Uniform(no search),14,,,Evolutionary Strategy for Trustworthiness to solve Data Scarcity,Evolutionary Strategy,Data Scarcity,Trustworthiness,1,,0.5060848593711853,64.07407407407408,0.48806142807006836,0.5331199765205383,0.4914480447769165,0.7975557830097821,0.5252173542976379,0.544634222984314,0.03608226776123047,61.240310077519375
Uniform(no search),15,,,Symbolic AI for Robustness to solve Data Scarcity,Symbolic AI,Data Scarcity,Robustness,1,,0.4949646294116974,48.40740740740741,0.4726324677467346,0.528462827205658,0.41118323802948,0.709476114958552,0.5881441235542297,0.5801079273223877,-0.008708834648132324,44.6215139442231
Uniform(no search),16,,,Contrastive Learning for Personalization to solve Opaque Decision Making,Contrastive Learning,Opaque Decision Making,Personalization,1,,0.5462503433227539,97.11111111111111,0.509401798248291,0.6015231013298035,0.5017756819725037,0.8093973301049718,0.5107322931289673,0.4451258182525635,-0.05309849977493286,6.467661691542288
Uniform(no search),17,,,Graph Neural Network for Sustainability to solve Opaque Decision Making,Graph Neural Network,Opaque Decision Making,Sustainability,1,,0.48970067501068115,41.81481481481482,0.47292274236679077,0.5148675441741943,0.4744178056716919,0.7844097464400156,0.5310300588607788,0.5541596412658691,0.028577446937561035,59.44055944055944
Uniform(no search),18,,,Causal Inference for Explainability to solve Long-Context Reasoning,Causal Inference,Long-Context Reasoning,Explainability,1,,0.49495843052864075,48.37037037037037,0.4564046859741211,0.552789032459259,0.43808799982070923,0.7636467182977971,0.5721920728683472,0.5950442552566528,0.03313225507736206,71.0801393728223
Uniform(no search),19,,,Reinforcement Learning for Trustworthiness to solve Reward Hacking,Reinforcement Learning,Reward Hacking,Trustworthiness,1,,0.5273044109344482,87.74074074074075,0.4782531261444092,0.6008813381195068,0.5348911881446838,0.7669963229991159,0.558952271938324,0.6005997657775879,0.13549095392227173,86.45161290322581
Uniform(no search),20,,,Graph Neural Network for Creativity to solve Adversarial Vulnerability,Graph Neural Network,Adversarial Vulnerability,Creativity,1,,0.48182106018066406,32.592592592592595,0.37503165006637573,0.642005205154419,0.3766145706176758,0.8002117035040174,0.6398268342018127,0.6308084726333618,0.007423043251037598,65.26315789473685
Uniform(no search),21,,,Bayesian Optimization for Fairness to solve Hallucination,Bayesian Optimization,Hallucination,Fairness,1,,0.5037344694137573,60.66666666666667,0.4474060535430908,0.5882269740104675,0.38791871070861816,0.7605794420303835,0.5814515948295593,0.4993876814842224,-0.11269360780715942,1.7543859649122806
Uniform(no search),22,,,Diffusion Model for Trustworthiness to solve Long-Context Reasoning,Diffusion Model,Long-Context Reasoning,Trustworthiness,1,,0.5147327780723572,74.96296296296296,0.5131003856658936,0.5171813368797302,0.4782930612564087,0.7978901935086276,0.5037795305252075,0.45692551136016846,-0.06478142738342285,4.428044280442804
Uniform(no search),23,,,Evolutionary Strategy for Autonomy to solve Energy Consumption,Evolutionary Strategy,Energy Consumption,Autonomy,1,,0.5068047642707825,65.18518518518519,0.5163530707359314,0.4924822747707367,0.5256247520446777,0.71705239384866,0.517667829990387,0.5200279951095581,0.04565274715423584,60.97560975609756
Uniform(no search),24,,,Neural Architecture Search for Explainability to solve Distribution Shift,Neural Architecture Search,Distribution Shift,Explainability,1,,0.48954319953918457,41.592592592592595,0.43237221240997314,0.5752996802330017,0.4476160407066345,0.798368446531082,0.55192631483078,0.5792300701141357,0.026846110820770264,64.51612903225806
Uniform(no search),25,,,Transformer for Efficiency to solve Opaque Decision Making,Transformer,Opaque Decision Making,Efficiency,1,,0.5065925717353821,64.96296296296296,0.5254136323928833,0.4783609211444855,0.5713759660720825,0.8199435071036758,0.439887136220932,0.42739707231521606,-0.001226961612701416,16.129032258064516
Uniform(no search),26,,,Graph Neural Network for Robustness to solve Miscalibrated Uncertainty,Graph Neural Network,Miscalibrated Uncertainty,Robustness,1,,0.5056915283203125,63.48148148148148,0.46437227725982666,0.567670464515686,0.41576266288757324,0.7932448206170256,0.5956019759178162,0.5410122275352478,-0.043225109577178955,21.454545454545453
Uniform(no search),27,,,Quantum Annealing for Personalization to solve Opaque Decision Making,Quantum Annealing,Opaque Decision Making,Personalization,1,,0.527518630027771,87.8888888888889,0.4435669779777527,0.6534460186958313,0.43355828523635864,0.7963760674742156,0.5465719103813171,0.5537734031677246,-0.012668311595916748,38.21428571428571
Uniform(no search),28,,,Contrastive Learning for Efficiency to solve Label Noise,Contrastive Learning,Label Noise,Efficiency,1,,0.48289957642555237,33.77777777777778,0.4103972911834717,0.5916529893875122,0.41261768341064453,0.6953612790653008,0.6140037178993225,0.6038469076156616,0.016464591026306152,63.984674329501914
Uniform(no search),29,,,Evolutionary Strategy for Robustness to solve High Latency,Evolutionary Strategy,High Latency,Robustness,1,,0.5276775360107422,88.07407407407408,0.553356409072876,0.4891591966152191,0.6073241233825684,0.7734638700346519,0.4423777759075165,0.46865302324295044,0.0759771466255188,56.52173913043478
Uniform(no search),30,,,Multi-Agent System for Fairness to solve Hallucination,Multi-Agent System,Hallucination,Fairness,1,,0.565657377243042,99.74074074074075,0.5790643692016602,0.5455467700958252,0.5301631093025208,0.800791232764817,0.550689160823822,0.4165796637535095,-0.05325722694396973,5.590062111801243
Typical-30,1,,,Federated Learning for Scalability to solve Privacy Leakage,Federated Learning,Privacy Leakage,Scalability,0,,0.39091256260871887,0.1111111111111111,0.15398472547531128,0.7463042736053467,0.2130928635597229,0.7456762760964954,0.7331283688545227,0.804432213306427,0.017525076866149902,83.33333333333334
Typical-30,2,,,Federated Learning for Robustness to solve Privacy Leakage,Federated Learning,Privacy Leakage,Robustness,0,,0.3961979150772095,0.14814814814814814,0.15478980541229248,0.758310079574585,0.20598948001861572,0.7361021775121386,0.7267153859138489,0.8113068342208862,0.017296314239501953,60.0
Typical-30,3,,,Federated Learning for Efficiency to solve Privacy Leakage,Federated Learning,Privacy Leakage,Efficiency,0,,0.40229180455207825,0.2222222222222222,0.16332238912582397,0.7607459425926208,0.22366929054260254,0.714044917370221,0.7364797592163086,0.7978429198265076,0.021512210369110107,80.0
Typical-30,4,,,Federated Learning for Safety to solve Adversarial Vulnerability,Federated Learning,Adversarial Vulnerability,Safety,0,,0.40657854080200195,0.6296296296296297,0.17683827877044678,0.7511889338493347,0.22244024276733398,0.7147352884471793,0.7271845936775208,0.7267021536827087,-0.050857603549957275,28.57142857142857
Typical-30,5,,,Federated Learning for Trustworthiness to solve Adversarial Vulnerability,Federated Learning,Adversarial Vulnerability,Trustworthiness,0,,0.40400630235671997,0.3703703703703704,0.18118810653686523,0.7382335066795349,0.2458687424659729,0.7231835213066578,0.7355679869651794,0.7283103466033936,-0.025820910930633545,50.0
Typical-30,6,,,Federated Learning for Efficiency to solve Adversarial Vulnerability,Federated Learning,Adversarial Vulnerability,Efficiency,0,,0.41389018297195435,1.074074074074074,0.18320226669311523,0.7599220275878906,0.212968111038208,0.7052817264639031,0.7772662043571472,0.7280663847923279,-0.05896550416946411,33.33333333333333
Typical-30,7,,,Federated Learning for Fairness to solve Privacy Leakage,Federated Learning,Privacy Leakage,Fairness,0,,0.41387060284614563,1.037037037037037,0.188198983669281,0.752377986907959,0.2578338384628296,0.7441233086117869,0.6983758807182312,0.7655428647994995,0.0233767032623291,85.71428571428571
Typical-30,8,,,Federated Learning for Generalization to solve Adversarial Vulnerability,Federated Learning,Adversarial Vulnerability,Generalization,0,,0.41528165340423584,1.2962962962962963,0.18871194124221802,0.755136251449585,0.20449352264404297,0.708675286651359,0.7631298899650574,0.7097907662391663,-0.08571571111679077,0.0
Typical-30,9,,,Federated Learning for Generalization to solve Privacy Leakage,Federated Learning,Privacy Leakage,Generalization,0,,0.41440820693969727,1.1851851851851851,0.18882954120635986,0.7527762055397034,0.22345054149627686,0.7370102906480093,0.7275506854057312,0.7854657173156738,0.008916258811950684,60.0
Typical-30,10,,,Federated Learning for Robustness to solve Adversarial Vulnerability,Federated Learning,Adversarial Vulnerability,Robustness,0,,0.41963285207748413,1.6666666666666667,0.18924158811569214,0.7652197480201721,0.18234097957611084,0.6330795678471017,0.7780314087867737,0.7225207686424255,-0.09513825178146362,0.0
Typical-30,11,,,Federated Learning for Scalability to solve Adversarial Vulnerability,Federated Learning,Adversarial Vulnerability,Scalability,0,,0.4129863977432251,0.962962962962963,0.19233250617980957,0.7439672350883484,0.20966863632202148,0.7183928723284552,0.7655019164085388,0.7224876880645752,-0.06784367561340332,20.0
Typical-30,12,,,Federated Learning for Safety to solve Privacy Leakage,Federated Learning,Privacy Leakage,Safety,0,,0.4157775938510895,1.3703703703703705,0.19491881132125854,0.7470657229423523,0.24762511253356934,0.7424132264741123,0.6756892204284668,0.7926980257034302,0.04032313823699951,84.21052631578947
Typical-30,13,,,Federated Learning for Explainability to solve Adversarial Vulnerability,Federated Learning,Adversarial Vulnerability,Explainability,0,,0.40611904859542847,0.5185185185185185,0.19988787174224854,0.7154658436775208,0.2348422408103943,0.7217589624751433,0.7000761032104492,0.7116299271583557,-0.05352783203125,22.22222222222222
Typical-30,14,,,Federated Learning for Trustworthiness to solve Privacy Leakage,Federated Learning,Privacy Leakage,Trustworthiness,0,,0.4145527482032776,1.2592592592592593,0.20009499788284302,0.7362393736839294,0.24588680267333984,0.7499524621324533,0.7033007740974426,0.7887176871299744,0.03460448980331421,78.57142857142857
Typical-30,15,,,Federated Learning for Safety to solve Data Scarcity,Federated Learning,Data Scarcity,Safety,0,,0.39023229479789734,0.07407407407407407,0.20619237422943115,0.666292130947113,0.2881065607070923,0.7933317205398402,0.6414940357208252,0.7550842761993408,0.043190836906433105,93.93939393939394
Typical-30,16,,,Federated Learning for Fairness to solve Bias,Federated Learning,Bias,Fairness,0,,0.42809394001960754,2.7037037037037037,0.20831942558288574,0.757755696773529,0.3525969386100769,0.7465495693982984,0.7243608832359314,0.7854405641555786,0.13803750276565552,99.21875
Typical-30,17,,,Causal Inference for Robustness to solve Adversarial Vulnerability,Causal Inference,Adversarial Vulnerability,Robustness,0,,0.4129163324832916,0.9259259259259258,0.2093827724456787,0.7182166576385498,0.3427938222885132,0.7373530552169139,0.64622563123703,0.6410375833511353,-0.016168594360351562,52.94117647058824
Typical-30,18,,,Federated Learning for Efficiency to solve Data Scarcity,Federated Learning,Data Scarcity,Efficiency,0,,0.386080801486969,0.037037037037037035,0.21539080142974854,0.6421157717704773,0.24054968357086182,0.785840936206932,0.6860532760620117,0.7252731323242188,-0.034177184104919434,46.15384615384615
Typical-30,19,,,Federated Learning for Personalization to solve Adversarial Vulnerability,Federated Learning,Adversarial Vulnerability,Personalization,0,,0.4262445867061615,2.3703703703703702,0.21550297737121582,0.7423570156097412,0.2647092342376709,0.7275261493080772,0.7279410362243652,0.7300392389297485,-0.005251526832580566,73.07692307692307
Typical-30,20,,,Federated Learning for Scalability to solve Data Scarcity,Federated Learning,Data Scarcity,Scalability,0,,0.3845881223678589,0.0,0.2156561017036438,0.6379861235618591,0.23184913396835327,0.7678894688009485,0.6837980151176453,0.7193338871002197,-0.048816978931427,44.44444444444444
Typical-30,21,,,Federated Learning for Explainability to solve Privacy Leakage,Federated Learning,Privacy Leakage,Explainability,0,,0.4205024838447571,1.7407407407407407,0.21633803844451904,0.7267491221427917,0.24707192182540894,0.7486806157825564,0.6651673913002014,0.7747576236724854,0.021829545497894287,72.22222222222221
Typical-30,22,,,Federated Learning for Fairness to solve Data Scarcity,Federated Learning,Data Scarcity,Fairness,0,,0.43227827548980713,3.185185185185185,0.2219741940498352,0.7477343678474426,0.285641074180603,0.7896327296406022,0.7283902168273926,0.8102997541427612,0.09594082832336426,96.7741935483871
Typical-30,23,,,Federated Learning for Personalization to solve Privacy Leakage,Federated Learning,Privacy Leakage,Personalization,0,,0.4372210204601288,4.518518518518518,0.2223261594772339,0.7595632672309875,0.2690187692642212,0.7412819223229451,0.7039441466331482,0.7677997350692749,0.036818504333496094,95.83333333333334
Typical-30,24,,,Causal Inference for Efficiency to solve Adversarial Vulnerability,Causal Inference,Adversarial Vulnerability,Efficiency,0,,0.41089802980422974,0.7037037037037037,0.22362983226776123,0.6918003559112549,0.3922841548919678,0.7902750708961417,0.6181055903434753,0.6444650888442993,0.03674924373626709,84.375
Typical-30,25,,,Federated Learning for Robustness to solve Data Scarcity,Federated Learning,Data Scarcity,Robustness,0,,0.40640032291412354,0.5555555555555556,0.22451257705688477,0.6792319416999817,0.24275660514831543,0.7711017739763364,0.7009419798851013,0.7226418256759644,-0.034601569175720215,25.0
Typical-30,26,,,Federated Learning for Fairness to solve Adversarial Vulnerability,Federated Learning,Adversarial Vulnerability,Fairness,0,,0.45219895243644714,9.555555555555555,0.22540897130966187,0.7923839092254639,0.25611281394958496,0.7166523494187924,0.7287046313285828,0.7454361915588379,0.0015490055084228516,66.66666666666666
Typical-30,27,,,Federated Learning for Autonomy to solve Adversarial Vulnerability,Federated Learning,Adversarial Vulnerability,Autonomy,0,,0.41615384817123413,1.4074074074074074,0.22597825527191162,0.7014172673225403,0.26870739459991455,0.7300997268773901,0.6984078288078308,0.7126137018203735,-0.018678903579711914,66.66666666666666
Typical-30,28,,,Federated Learning for Fairness to solve Lack of Novelty,Federated Learning,Lack of Novelty,Fairness,0,,0.4170936048030853,1.4814814814814816,0.22959786653518677,0.6983371376991272,0.3269174098968506,0.8195198833462193,0.6524022221565247,0.7399618625640869,0.0668792724609375,92.10526315789474
Typical-30,29,,,Federated Learning for Generalization to solve Data Scarcity,Federated Learning,Data Scarcity,Generalization,0,,0.41350027918815613,1.0,0.23236441612243652,0.685204029083252,0.2569201588630676,0.7885376934080035,0.6728593707084656,0.7087941765785217,-0.034285664558410645,38.095238095238095
Typical-30,30,,,Causal Inference for Generalization to solve Adversarial Vulnerability,Causal Inference,Adversarial Vulnerability,Generalization,0,,0.4209589958190918,1.7777777777777777,0.23265069723129272,0.703421413898468,0.36793190240859985,0.7923888269783933,0.6503881216049194,0.6559712886810303,0.023903191089630127,78.2051282051282
