n_papers,rep,source,N_mean,N_sd,N_min,N_max,spearman_vs_full,spearman_Delta
3,0,arXiv sample,0.7655867,0.066369906,0.5732722,1.0270814,0.46941512283844317,-0.019643781694718383
3,1,arXiv sample,0.79367673,0.08226212,0.5077702,0.9937319,-0.015655553742669397,-0.10428973936367249
3,2,arXiv sample,0.78317195,0.07730986,0.5127014,1.0042806,0.38723289512221276,0.0876697285460182
3,3,arXiv sample,0.81517404,0.08913516,0.5460102,1.0303171,0.22214873649687722,-0.04591232302499666
3,4,arXiv sample,0.7578521,0.11126774,0.33989513,1.0298167,0.3781639123191107,0.04046308648944382
3,5,arXiv sample,0.7612455,0.09438014,0.43134367,1.0568763,0.3897416229136847,-0.10280868721783942
3,6,arXiv sample,0.7956749,0.07286194,0.56668895,0.98758036,0.36058848534256654,-0.17746874449157352
3,7,arXiv sample,0.81134456,0.075466536,0.57162106,1.0317203,0.34955919239481653,-0.07694512961507498
3,8,arXiv sample,0.7496412,0.10587973,0.3558846,1.0260813,0.4142616762176547,0.08736512769445895
3,9,arXiv sample,0.742535,0.092503816,0.4241544,1.025548,0.29355974096895693,-0.08938199215564319
10,0,arXiv sample,0.7020671,0.097906016,0.41314816,0.963059,0.2172249214631389,-0.08568615778131812
10,1,arXiv sample,0.75384754,0.07219722,0.51850253,0.95868444,0.4307071752016266,0.06989725667540399
10,2,arXiv sample,0.706025,0.091326915,0.33485216,0.9526214,0.3603937958717894,0.009100713946005678
10,3,arXiv sample,0.66851157,0.11776799,0.18002826,0.94825023,0.37979808020089467,-0.13919027364890058
10,4,arXiv sample,0.65311646,0.10908853,0.28038436,0.98192877,0.4179755246172723,-0.01411782544341999
10,5,arXiv sample,0.69359684,0.09088082,0.40465248,0.9320668,0.2112399613362605,-0.03096223165629793
10,6,arXiv sample,0.68911177,0.09770039,0.33608454,1.004297,0.3868879685047761,-0.11350471277164391
10,7,arXiv sample,0.674641,0.08275976,0.3558846,0.95300686,0.2181984881595849,0.0695899022664368
10,8,arXiv sample,0.72052956,0.08982036,0.40666735,0.957791,0.3371865812841197,-0.07329223868866133
10,9,arXiv sample,0.6923273,0.107752554,0.2813018,0.9670883,0.4221072358357902,-0.041473246359913875
30,0,arXiv sample,0.6286742,0.099830955,0.3206215,0.94775635,0.5035371541214011,-0.1490394876442033
30,1,arXiv sample,0.6335057,0.090330034,0.3578502,0.90810746,0.42707989007757674,-0.1111867136380474
30,2,arXiv sample,0.64043635,0.090078525,0.31535608,0.9235547,0.5771636137821088,-0.05388806623276141
30,3,arXiv sample,0.6211838,0.11413781,0.26518762,0.9247691,0.49259757968648327,-0.16168494586798066
30,4,arXiv sample,0.644933,0.080686316,0.3489033,0.90707743,0.17774630393985974,-0.01606866338635356
30,5,arXiv sample,0.62604654,0.09811778,0.2703576,0.95070153,0.5630938564107085,-0.06328241565016597
30,6,arXiv sample,0.6170923,0.093581386,0.31964397,0.8907593,0.5982111589978168,0.03767273312276757
30,7,arXiv sample,0.625776,0.08800984,0.3103987,0.8881813,0.5760113532562512,-0.06125283483806779
30,8,arXiv sample,0.6314568,0.107645445,0.2703576,0.9359243,0.3860230882192962,-0.020570040928761905
30,9,arXiv sample,0.6246303,0.10338874,0.30111587,0.91796315,0.5174693467824846,-0.18764500702151368
100,0,arXiv sample,0.5334697,0.078697585,0.22475415,0.8020464,0.6017957812558749,-0.010200005669929145
100,1,arXiv sample,0.5509736,0.09761263,0.2153908,0.8386227,0.6564329550529684,-0.06550867506307345
100,2,arXiv sample,0.56509846,0.0871311,0.25561845,0.7992916,0.5103783878008391,-0.09130070756793755
100,3,arXiv sample,0.55034626,0.08567822,0.26918006,0.86878026,0.6267092846616469,0.018934060822982594
100,4,arXiv sample,0.56130797,0.093614295,0.25703257,0.87735385,0.561054336154543,-0.021784328856528014
100,5,arXiv sample,0.5500169,0.08353543,0.26898402,0.79734564,0.6448546782965667,-0.10400438133149768
100,6,arXiv sample,0.5294004,0.08479565,0.24785858,0.75418466,0.6242135501320544,0.01845546084870755
100,7,arXiv sample,0.5439722,0.09296467,0.23122847,0.8148829,0.5827101162965729,0.01711352772737212
100,8,arXiv sample,0.5651042,0.0894892,0.24234068,0.84163946,0.6302835087861619,-0.08622878004337577
100,9,arXiv sample,0.54318136,0.08660697,0.2345885,0.80675256,0.7024964345296887,0.015880709390111138
300,0,arXiv sample,0.49522352,0.085318856,0.23765874,0.76356745,0.8192090257746276,0.06253943794361128
300,1,arXiv sample,0.48679823,0.08859753,0.15398473,0.7430662,0.8265958040567003,-0.02577017638629314
300,2,arXiv sample,0.4945704,0.08632453,0.20831943,0.75418466,0.8307542271771923,-0.021704126437344602
300,3,arXiv sample,0.48837116,0.08341189,0.15398473,0.7293559,0.8164471745824343,-0.060236506680891484
300,4,arXiv sample,0.49157706,0.082943775,0.17683828,0.752309,0.8329752095477161,-0.003696701927376199
300,5,arXiv sample,0.49282712,0.08790229,0.15398473,0.7444209,0.8210623124890002,0.080873292045337
300,6,arXiv sample,0.48796573,0.093256995,0.18002832,0.7419348,0.8413905163988501,0.02663189422273079
300,7,arXiv sample,0.4926853,0.09095982,0.22421098,0.79099643,0.8161439600917318,0.10746479880098286
300,8,arXiv sample,0.48954254,0.094618656,0.18002826,0.7856345,0.8345905849666386,0.05537823378993883
300,9,arXiv sample,0.49200565,0.09152178,0.15398473,0.8074473,0.8038903965726304,0.032352544614288645
1000,0,arXiv sample,0.44991708,0.080330074,0.15398473,0.7241466,0.9639055551657997,-0.0032101958383777846
1000,1,arXiv sample,0.45025668,0.08292042,0.17683828,0.7241466,0.9586618164539393,0.003649735297730758
1000,2,arXiv sample,0.44904026,0.080269866,0.17683828,0.7241466,0.9612009099286725,-0.011428541121340582
1000,3,arXiv sample,0.45257413,0.0799757,0.18002826,0.7241466,0.9466594206421973,0.007235187400300902
1000,4,arXiv sample,0.45327365,0.08131037,0.15398473,0.7241466,0.9489733469021467,0.003026483878503578
1000,5,arXiv sample,0.45396334,0.07904365,0.17683828,0.7241466,0.936452614339317,-0.014458605554284746
1000,6,arXiv sample,0.44922948,0.080909654,0.15398473,0.7241466,0.9595831563152605,0.024750335665302915
1000,7,arXiv sample,0.44910824,0.082836635,0.17683828,0.7416201,0.958639119142278,-0.02208305866772122
1000,8,arXiv sample,0.45406303,0.08030457,0.17683828,0.7247911,0.9415026289123408,0.04848670868564617
1000,9,arXiv sample,0.4506078,0.08170889,0.18002826,0.7247911,0.954675447365124,-0.005741659986775743
1428,0,arXiv sample,0.4404037,0.07989264,0.15398473,0.7241466,1.0,0.006390239256819969
3,0,original 3 papers,0.7703394,0.08664967,0.4773261,1.0160455,0.08403625968613113,-0.04621673612063649
