method,metric,mean,sd,median,ci95_lo,ci95_hi,n
GA,f_search,0.5637986540794373,0.011065753993684585,0.5640887916088104,0.559812037795782,0.567700174599886,30
GA,f_percentile,99.17777777777778,1.0492980708605903,99.68518518518519,98.78518518518518,99.51358024691359,30
GA,N_out,0.5151437918345133,0.03949405774032797,0.5274066030979156,0.5010361719628175,0.528723635673523,30
GA,N_out_tfidf,0.7859543066214392,0.024503030678365418,0.7882916130887423,0.7770346643739059,0.7942411524306526,30
GA,U_out,0.5228915403286616,0.04644178100466513,0.5454798936843872,0.5063046738257011,0.5390387740482887,30
GA,FS_future,0.43787621657053627,0.07349846981314777,0.4264068603515625,0.41299819961190226,0.4648689680794875,30
GA,Delta,-0.04697999159495036,0.0902582967632089,-0.04366564750671387,-0.0792114786307017,-0.014936368614435197,30
GA,Delta_pct_matched,21.483225247519524,27.417577345320517,11.033434650455927,12.214069603140599,31.562677981895547,30
Random,f_search,0.5675997257232666,0.007958429792718581,0.5668032169342041,0.5647578649222851,0.5704316401481629,30
Random,f_percentile,99.63827160493825,0.3577258334869483,99.77777777777777,99.50864197530863,99.75432098765434,30
Random,N_out,0.5023363828659058,0.051484832672974365,0.511834055185318,0.4841077759365241,0.5205224974950154,30
Random,N_out_tfidf,0.7961936621746998,0.0167866931677428,0.7971362636203345,0.7904032135578789,0.8021882618207907,30
Random,U_out,0.4957115272680918,0.05652096781303576,0.48777303099632263,0.4760501240938902,0.5155500523249308,30
Random,FS_future,0.4087394893169403,0.06855608278924409,0.3685431480407715,0.386260101099809,0.4339599947631359,30
Random,Delta,-0.08892412781715393,0.07594987189696122,-0.12039053440093994,-0.11462017302711805,-0.06107655351360639,30
Random,Delta_pct_matched,10.63177225141698,22.29672148566059,1.1363636363636365,3.7826873010643642,19.47166199898516,30
HillClimb,f_search,0.5687414169311523,0.009061648729425682,0.5668032169342041,0.5655547965566317,0.5719432790080706,30
HillClimb,f_percentile,99.64074074074074,0.36975043902933397,99.77777777777777,99.50123456790125,99.75802469135803,30
HillClimb,N_out,0.5110846598943074,0.04359726951472717,0.5204650163650513,0.4955158554514249,0.5260292478899161,30
HillClimb,N_out_tfidf,0.7797285075212551,0.03148243432937383,0.7882916130887423,0.768367807202493,0.790095796968733,30
HillClimb,U_out,0.5198964198430379,0.046971439786046974,0.5461012721061707,0.5025830110659202,0.5360087439914544,30
HillClimb,FS_future,0.4165505071481069,0.05843997243432854,0.40694960951805115,0.39689490521947546,0.43779554178317387,30
HillClimb,Delta,-0.07236483295758565,0.07901094675130235,-0.08981373906135559,-0.09993592788775763,-0.04441778322060903,30
HillClimb,Delta_pct_matched,13.685859251872849,18.856770424027285,2.9119318181818183,7.3664119942634425,20.835604660820277,30
GA-NoveltyOnly,f_search,0.5656253437201182,0.01271007078874965,0.5696753859519958,0.561106115380923,0.5699756965537865,30
GA-NoveltyOnly,f_percentile,99.14814814814817,1.2753461231318437,99.83333333333333,98.66172839506173,99.56172839506173,30
GA-NoveltyOnly,N_out,0.5329363544782003,0.0433771119986069,0.5274210572242737,0.5177308875322342,0.5480080884695053,30
GA-NoveltyOnly,N_out_tfidf,0.7931583843317694,0.024347810836882075,0.8019322172774209,0.784506204068991,0.8013442260377189,30
GA-NoveltyOnly,U_out,0.4723998099565506,0.0436882651871382,0.4555056095123291,0.45807921988268696,0.48843673964341483,30
GA-NoveltyOnly,FS_future,0.3955205321311951,0.05845466108453146,0.37706613540649414,0.3770031141241391,0.41740329826871553,30
GA-NoveltyOnly,Delta,-0.07154311339060465,0.07288024973032224,-0.11622408032417297,-0.09714723820487658,-0.04455553516745568,30
GA-NoveltyOnly,Delta_pct_matched,10.136639000366843,20.08810739046849,0.9831195775179178,4.02608290702741,17.89572273061941,30
GA-UtilityOnly,f_search,0.453530819217364,0.0159997012948111,0.45219895243644714,0.44779057179888093,0.45896659545600416,30
GA-UtilityOnly,f_percentile,12.109876543209875,8.603488068077175,9.555555555555555,9.362962962962962,15.389012345679012,30
GA-UtilityOnly,N_out,0.28314562837282814,0.047605476684953046,0.2625657916069031,0.26730019569396973,0.3003853054344654,30
GA-UtilityOnly,N_out_tfidf,0.7191996816764624,0.0338695002592984,0.7166523494187924,0.7071337735084825,0.7315686152691414,30
GA-UtilityOnly,U_out,0.7127734303474427,0.029780738888430747,0.7267656922340393,0.7017904027799766,0.7227865702907245,30
GA-UtilityOnly,FS_future,0.7102738817532858,0.05769008651905156,0.7454361915588379,0.6897364125649134,0.7300913654267788,30
GA-UtilityOnly,Delta,-0.006580489873886109,0.049849459159187794,0.0015490055084228516,-0.023950420121351877,0.010879832555850328,30
GA-UtilityOnly,Delta_pct_matched,60.07468004701661,27.20415268415474,66.66666666666666,50.238584391723386,69.33526250965883,30
Uniform(no search),f_search,0.5022168695926666,0.02690887811626776,0.5046802163124084,0.49247289657592774,0.5115505473315716,30
Uniform(no search),f_percentile,58.086419753086425,25.069713751719313,61.79629629629629,48.91111111111111,66.58783950617284,30
Uniform(no search),N_out,0.4605644484361013,0.061080804492451415,0.4453868567943573,0.4397346654037635,0.48166292592883103,30
Uniform(no search),N_out_tfidf,0.7694137989346082,0.038566595493574454,0.7777925149291268,0.7549119547194441,0.7819007503043205,30
Uniform(no search),U_out,0.5504975259304047,0.04747455188556956,0.5570291876792908,0.5336534821490446,0.5668836292127768,30
Uniform(no search),FS_future,0.5614214519659678,0.0705557215324078,0.5764444768428802,0.5360650450984636,0.5855207778016726,30
Uniform(no search),Delta,0.021985900402069092,0.06244256464707907,0.025150299072265625,0.0005411632855733237,0.04420917451381683,30
Uniform(no search),Delta_pct_matched,55.11589319059281,29.82259702895656,62.61249220351064,44.401249503466,65.35263170234774,30
Typical-30,f_search,0.4127289434274038,0.01468976243403058,0.41388039290905,0.4075877705961466,0.4179360684752464,30
Typical-30,f_percentile,1.4629629629629628,1.8288417184448618,1.0555555555555554,0.9148148148148149,2.1913888888888886,30
Typical-30,N_out,0.25880459944407147,0.051370792633096934,0.2464793622493744,0.241503966152668,0.2780023779968421,30
Typical-30,N_out_tfidf,0.7447030458827801,0.036933745046491766,0.7418475743985287,0.7314988668688791,0.7574287078710498,30
Typical-30,U_out,0.705906085173289,0.04109546952986466,0.7036224603652954,0.6914665980637074,0.7201027709742387,30
Typical-30,FS_future,0.7411488076051076,0.04593568218941963,0.729174792766571,0.7246020342906316,0.7569657628734906,30
Typical-30,Delta,-4.6592950820922854e-05,0.05253259831586413,0.005232632160186768,-0.01835299919048945,0.018371471762657122,30
Typical-30,Delta_pct_matched,60.38916013475181,29.029409195659415,66.66666666666666,50.17992081018396,70.63100914366491,30
