"pair_id","order","shown_as_A","shown_as_B","winner_originality","winner_soundness","winner_reproducibility","winner_significance","winner_overall"
"P001","AB","M025","M029","M029","M025","M025","M029","M029"
"P001","BA","M029","M025","M029","M029","M029","M029","M029"
"P002","AB","M014","M017","M014","M014","M014","M014","M014"
"P002","BA","M017","M014","M014","M017","M017","M014","M014"
"P003","AB","M015","M030","M015","M015","M015","M015","M015"
"P003","BA","M030","M015","M015","M030","M030","M030","M030"
"P004","AB","M002","M010","M002","M002","M002","M002","M002"
"P004","BA","M010","M002","M002","M010","M010","M002","M002"
"P005","AB","M007","M028","M028","M007","M007","M028","M028"
"P005","BA","M028","M007","M028","M028","M028","M028","M028"
"P006","AB","M004","M024","M004","M004","M004","M004","M004"
"P006","BA","M024","M004","M024","M024","M024","M024","M024"
"P007","AB","M008","M019","M019","M008","M008","M008","M008"
"P007","BA","M019","M008","M019","M019","M019","M019","M019"
"P008","AB","M001","M027","M027","M001","M001","M001","M001"
"P008","BA","M027","M001","M027","M027","M027","M027","M027"
"P009","AB","M009","M020","M009","M009","M009","M009","M009"
"P009","BA","M020","M009","M009","M009","M020","M009","M009"
"P010","AB","M011","M016","M016","M011","M011","M011","M011"
"P010","BA","M016","M011","M016","M016","M016","M016","M016"
"P011","AB","M003","M021","M003","M003","M003","M003","M003"
"P011","BA","M021","M003","M021","M021","M021","M021","M021"
"P012","AB","M023","M026","M023","M023","M023","M023","M023"
"P012","BA","M026","M023","M023","M026","M026","M026","M026"
"P013","AB","M012","M013","M013","M013","M013","M013","M013"
"P013","BA","M013","M012","M013","M013","M013","M013","M013"
"P014","AB","M005","M018","M005","M005","M005","M005","M005"
"P014","BA","M018","M005","M018","M018","M018","M018","M018"
"P015","AB","M006","M022","M006","M006","M006","M006","M006"
"P015","BA","M022","M006","M022","M022","M022","M022","M022"
"P016","AB","M019","M022","M022","M019","M019","M019","M019"
"P016","BA","M022","M019","M019","M022","M022","M022","M022"
"P017","AB","M001","M018","M001","M001","M001","M001","M001"
"P017","BA","M018","M001","M018","M018","M018","M018","M018"
"P018","AB","M006","M024","M006","M006","M006","M006","M006"
"P018","BA","M024","M006","M024","M024","M024","M024","M024"
"P019","AB","M012","M021","M012","M012","M012","M012","M012"
"P019","BA","M021","M012","M021","M021","M021","M021","M021"
"P020","AB","M017","M030","M030","M017","M017","M030","M030"
"P020","BA","M030","M017","M030","M030","M030","M030","M030"
"P021","AB","M007","M008","M007","M007","M007","M007","M007"
"P021","BA","M008","M007","M008","M008","M008","M008","M008"
"P022","AB","M004","M013","M013","M004","M004","M004","M004"
"P022","BA","M013","M004","M013","M013","M013","M013","M013"
"P023","AB","M010","M016","M016","M010","M010","M016","M016"
"P023","BA","M016","M010","M016","M016","M016","M016","M016"
"P024","AB","M009","M026","M009","M009","M009","M009","M009"
"P024","BA","M026","M009","M009","M026","M026","M009","M009"
"P025","AB","M014","M015","M015","M014","M014","M014","M014"
"P025","BA","M015","M014","M015","M015","M015","M015","M015"
"P026","AB","M020","M027","M027","M020","M020","M027","M027"
"P026","BA","M027","M020","M027","M027","M027","M027","M027"
"P027","AB","M002","M023","M023","M002","M002","M002","M002"
"P027","BA","M023","M002","M023","M023","M023","M023","M023"
"P028","AB","M003","M011","M003","M003","M003","M003","M003"
"P028","BA","M011","M003","M011","M011","M011","M011","M011"
"P029","AB","M005","M025","M005","M005","M005","M005","M005"
"P029","BA","M025","M005","M005","M025","M025","M005","M025"
"P030","AB","M028","M029","M028","M028","M028","M028","M028"
"P030","BA","M029","M028","M029","M029","M029","M029","M029"
"P031","AB","M017","M024","M024","M017","M017","M024","M024"
"P031","BA","M024","M017","M024","M024","M024","M024","M024"
"P032","AB","M021","M028","M021","M021","M021","M021","M021"
"P032","BA","M028","M021","M021","M028","M028","M028","M028"
"P033","AB","M004","M010","M004","M004","M004","M004","M004"
"P033","BA","M010","M004","M004","M010","M010","M004","M010"
"P034","AB","M003","M014","M003","M003","M003","M003","M003"
"P034","BA","M014","M003","M014","M014","M014","M014","M014"
"P035","AB","M020","M030","M030","M020","M020","M030","M030"
"P035","BA","M030","M020","M020","M030","M030","M030","M030"
"P036","AB","M011","M015","M015","M011","M011","M015","M015"
"P036","BA","M015","M011","M015","M015","M015","M015","M015"
"P037","AB","M006","M026","M006","M006","M006","M006","M006"
"P037","BA","M026","M006","M026","M026","M026","M026","M026"
"P038","AB","M008","M025","M025","M008","M008","M008","M008"
"P038","BA","M025","M008","M025","M025","M025","M025","M025"
"P039","AB","M007","M027","M027","M007","M007","M007","M007"
"P039","BA","M027","M007","M027","M027","M027","M027","M027"
"P040","AB","M018","M019","M018","M018","M018","M018","M018"
"P040","BA","M019","M018","M019","M019","M019","M019","M019"
"P041","AB","M002","M029","M029","M002","M002","M002","M002"
"P041","BA","M029","M002","M002","M029","M029","M029","M029"
"P042","AB","M013","M023","M023","M013","M013","M013","M013"
"P042","BA","M023","M013","M023","M023","M023","M023","M023"
"P043","AB","M005","M009","M009","M005","M005","M009","M009"
"P043","BA","M009","M005","M009","M009","M009","M009","M009"
"P044","AB","M001","M022","M022","M001","M001","M022","M022"
"P044","BA","M022","M001","M001","M022","M022","M022","M022"
"P045","AB","M012","M016","M012","M012","M012","M012","M012"
"P045","BA","M016","M012","M012","M016","M016","M016","M016"
"P046","AB","M007","M030","M030","M007","M007","M030","M030"
"P046","BA","M030","M007","M030","M030","M030","M030","M030"
"P047","AB","M010","M027","M027","M010","M010","M027","M027"
"P047","BA","M027","M010","M027","M027","M027","M027","M027"
"P048","AB","M003","M016","M003","M003","M003","M003","M003"
"P048","BA","M016","M003","M016","M016","M016","M016","M016"
"P049","AB","M012","M029","M012","M012","M012","M012","M012"
"P049","BA","M029","M012","M012","M029","M029","M029","M029"
"P050","AB","M001","M028","M001","M001","M001","M001","M001"
"P050","BA","M028","M001","M028","M028","M028","M028","M028"
"P051","AB","M009","M018","M009","M009","M009","M009","M009"
"P051","BA","M018","M009","M009","M018","M018","M018","M018"
"P052","AB","M022","M024","M024","M022","M022","M022","M022"
"P052","BA","M024","M022","M022","M024","M024","M024","M024"
"P053","AB","M005","M023","M023","M005","M005","M005","M005"
"P053","BA","M023","M005","M023","M023","M023","M023","M023"
"P054","AB","M014","M019","M014","M014","M014","M014","M014"
"P054","BA","M019","M014","M019","M019","M019","M019","M019"
"P055","AB","M017","M026","M026","M017","M017","M017","M017"
"P055","BA","M026","M017","M026","M026","M026","M026","M026"
"P056","AB","M020","M021","M021","M020","M020","M021","M021"
"P056","BA","M021","M020","M021","M021","M021","M021","M021"
"P057","AB","M015","M025","M015","M015","M015","M015","M015"
"P057","BA","M025","M015","M015","M025","M025","M015","M015"
"P058","AB","M008","M011","M011","M008","M008","M008","M008"
"P058","BA","M011","M008","M011","M011","M011","M011","M011"
"P059","AB","M006","M013","M013","M006","M006","M006","M006"
"P059","BA","M013","M006","M013","M013","M013","M013","M013"
"P060","AB","M002","M004","M002","M002","M002","M002","M002"
"P060","BA","M004","M002","M002","M004","M004","M004","M004"
"P061","AB","M007","M026","M026","M007","M007","M007","M007"
"P061","BA","M026","M007","M026","M026","M026","M026","M026"
"P062","AB","M005","M010","M005","M005","M005","M005","M005"
"P062","BA","M010","M005","M005","M010","M010","M005","M005"
"P063","AB","M021","M025","M021","M021","M021","M021","M021"
"P063","BA","M025","M021","M021","M025","M025","M021","M025"
"P064","AB","M024","M030","M030","M024","M024","M024","M024"
"P064","BA","M030","M024","M030","M030","M030","M030","M030"
"P065","AB","M020","M023","M023","M020","M020","M023","M023"
"P065","BA","M023","M020","M023","M023","M023","M023","M023"
"P066","AB","M008","M014","M014","M008","M008","M008","M008"
"P066","BA","M014","M008","M014","M014","M014","M014","M014"
"P067","AB","M003","M006","M003","M003","M003","M003","M003"
"P067","BA","M006","M003","M003","M006","M006","M006","M006"
"P068","AB","M011","M028","M028","M011","M011","M011","M011"
"P068","BA","M028","M011","M028","M028","M028","M028","M028"
"P069","AB","M016","M027","M027","M016","M016","M016","M016"
"P069","BA","M027","M016","M027","M027","M027","M027","M027"
"P070","AB","M001","M009","M009","M009","M001","M009","M009"
"P070","BA","M009","M001","M009","M009","M009","M009","M009"
"P071","AB","M013","M015","M013","M013","M013","M013","M013"
"P071","BA","M015","M013","M015","M015","M015","M015","M015"
"P072","AB","M018","M022","M018","M018","M018","M018","M018"
"P072","BA","M022","M018","M018","M022","M022","M022","M022"
"P073","AB","M017","M029","M029","M017","M017","M029","M029"
"P073","BA","M029","M017","M029","M029","M029","M029","M029"
"P074","AB","M002","M019","M002","M002","M002","M002","M002"
"P074","BA","M019","M002","M002","M019","M019","M019","M019"
"P075","AB","M004","M012","M012","M004","M004","M004","M004"
"P075","BA","M012","M004","M012","M012","M012","M012","M012"
"P076","AB","M007","M009","M009","M009","M007","M009","M009"
"P076","BA","M009","M007","M009","M009","M009","M009","M009"
"P077","AB","M003","M010","M003","M003","M003","M003","M003"
"P077","BA","M010","M003","M003","M010","M010","M003","M010"
"P078","AB","M022","M027","M027","M022","M022","M022","M022"
"P078","BA","M027","M022","M027","M027","M027","M027","M027"
"P079","AB","M016","M019","M019","M016","M016","M019","M016"
"P079","BA","M019","M016","M019","M019","M019","M019","M019"
"P080","AB","M005","M029","M029","M005","M005","M005","M005"
"P080","BA","M029","M005","M005","M029","M029","M029","M029"
"P081","AB","M013","M028","M013","M013","M013","M013","M013"
"P081","BA","M028","M013","M013","M013","M028","M013","M013"
"P082","AB","M012","M023","M012","M012","M012","M012","M012"
"P082","BA","M023","M012","M023","M023","M023","M023","M023"
"P083","AB","M004","M020","M020","M004","M004","M004","M004"
"P083","BA","M020","M004","M020","M020","M020","M020","M020"
"P084","AB","M018","M024","M018","M018","M018","M018","M018"
"P084","BA","M024","M018","M024","M024","M024","M024","M024"
"P085","AB","M025","M030","M030","M025","M025","M030","M025"
"P085","BA","M030","M025","M030","M030","M030","M030","M030"
"P086","AB","M008","M021","M021","M008","M008","M008","M008"
"P086","BA","M021","M008","M021","M021","M021","M021","M021"
"P087","AB","M001","M026","M026","M001","M001","M001","M001"
"P087","BA","M026","M001","M026","M026","M026","M026","M026"
"P088","AB","M002","M006","M002","M002","M002","M002","M002"
"P088","BA","M006","M002","M006","M006","M006","M006","M006"
"P089","AB","M011","M014","M014","M011","M011","M014","M014"
"P089","BA","M014","M011","M014","M014","M014","M014","M014"
"P090","AB","M015","M017","M015","M015","M015","M015","M015"
"P090","BA","M017","M015","M015","M017","M017","M015","M015"
